,Bird,Recording,Channel,Cluster,Lateral,Depth,Hemisphere,DepthCorr,LateralCorr,Amplitude,Location
1,G158,p1r1,8,37,1474,-1955,L,-1655,-1274,63.67478926,CM
2,G158,p1r1,11,28,1474,-1955,L,-1555,-874,80.70977271,CM
3,G158,p1r1,24,3,1474,-1955,L,-1755,-1674,61.91366264,CM
4,G158,p1r1,26,21,1474,-1955,L,-1855,-2074,120.740611,L1
5,G158,p1r2,2,33,1474,-2755,L,-2655,-1274,211.3049395,L3
6,G158,p1r2,7,25,1474,-2755,L,-2755,-874,309.1588867,L3
7,G158,p1r2,27,13,1474,-2755,L,-2555,-2074,135.579858,L3
8,G158,p1r2,31,6,1474,-2755,L,-2755,-2074,351.3491358,L3
9,G158,p2r1,17,1,1267,-1869,L,-1769,-1467,86.51926711,CM
10,G158,p2r1,19,6,1267,-1869,L,-1369,-1467,99.61756743,CM
11,G158,p2r2,9,39,1267,-2669,L,-1969,-1067,387.8798392,L2a
12,G158,p2r2,9,40,1267,-2669,L,-1969,-1067,387.8798392,L2a
13,G158,p2r2,25,9,1267,-2669,L,-2069,-1467,88.88272993,L3
14,G158,p2r3,2,44,1267,-3410,L,-3310,-1067,116.2709136,NCM
15,G158,p2r3,20,24,1267,-3410,L,-3010,-1467,100.2221052,NCM
16,G158,p2r3,22,17,1267,-3410,L,-3010,-1867,93.69142791,NCM
17,G158,p2r3,24,3,1267,-3410,L,-3210,-1467,98.16194715,NCM
18,G158,p2r3,26,27,1267,-3410,L,-3310,-1867,108.2023058,NCM
19,G158,p2r3,28,20,1267,-3410,L,-2710,-1867,129.3813462,NCM
20,G158,p2r3,29,11,1267,-3410,L,-3410,-1467,103.8215724,NCM
21,G158,p2r3,30,22,1267,-3410,L,-2710,-1467,125.687487,NCM
22,G158,p3r1,19,4,1371,-1889,R,-1389,1571,120.8220415,CM
23,G158,p3r2,6,41,-1371,-3251,R,-2551,771,136.269103,L3
24,G158,p3r2,6,44,-1371,-3251,R,-2551,771,136.269103,L3
25,G158,p3r2,8,50,-1371,-3251,R,-2951,1171,116.8876192,NCM
26,G158,p3r2,10,46,-1371,-3251,R,-2751,1171,126.8271629,NCM
27,G158,p3r2,14,36,-1371,-3251,R,-2651,1171,134.3609465,L3
28,O129,p1r1,6,34,1292,-1778,L,-1078,-692,84.99303025,CM
29,O129,p1r1,8,38,1292,-1778,L,-1478,-1092,53.10062768,CM
30,O129,p1r1,19,5,1292,-1778,L,-1278,-1492,86.53264721,CM
31,O129,p1r1,24,3,1292,-1778,L,-1578,-1492,73.48153068,CM
32,O129,p1r2,4,24,1292,-2678,L,-2578,-692,99.96403959,L3
33,O129,p1r2,5,40,1292,-2678,L,-2378,-692,85.27848009,L3
34,O129,p1r2,6,31,1292,-2678,L,-1978,-692,90.59578207,L1
35,O129,p1r2,11,28,1292,-2678,L,-2278,-692,87.62039553,L3
36,O129,p1r2,19,3,1292,-2678,L,-2178,-1492,379.3059177,L2a
37,O129,p1r3,1,49,1292,-3878,L,-3878,-1092,114.7528063,NCM
38,O129,p1r3,2,40,1292,-3878,L,-3778,-1092,121.3529127,NCM
39,O129,p1r3,5,41,1292,-3878,L,-3578,-692,101.5101125,L3
40,O129,p1r3,21,15,1292,-3878,L,-3578,-1892,153.2675997,NCM
41,O129,p2r1,9,41,-809,-1882,R,-1182,609,57.95979694,CM
42,O129,p2r1,15,46,-809,-1882,R,-1682,209,69.48261206,CM
43,O129,p2r2,3,38,-809,-2782,R,-2382,609,299.5954086,L2a
44,O129,p2r2,16,31,-809,-2782,R,-2582,609,278.1000575,L2a
45,O129,p2r2,24,3,-809,-2782,R,-2582,1009,110.6511763,L3
46,O129,p2r3,4,33,-809,-3982,R,-3882,209,207.6711661,NCM
47,O129,p2r3,4,34,-809,-3982,R,-3882,209,207.6711661,NCM
48,O129,p2r3,5,45,-809,-3982,R,-3682,209,158.9562597,NCM
49,O129,p2r3,5,46,-809,-3982,R,-3682,209,158.9562597,NCM
50,O129,p2r3,22,15,-809,-3982,R,-3582,1409,144.172947,L3
51,O153,p1r2,10,29,1321,-2455,L,-1955,-1121,426.4794665,L1
52,O153,p1r2,11,24,1321,-2455,L,-2055,-721,144.4396201,L1
53,O153,p1r2,13,37,1321,-2455,L,-1955,-721,155.9909001,L1
54,O153,p1r2,15,42,1321,-2455,L,-2255,-721,511.9798895,L2a
55,O153,p1r2,20,17,1321,-2455,L,-2055,-1521,255.4731103,L1
56,O153,p1r3,7,40,1321,-3455,L,-3455,-721,146.8680388,NCM
57,O153,p1r3,11,38,1321,-3455,L,-3055,-721,212.7434102,NCM
58,O153,p1r3,13,52,1321,-3455,L,-2955,-721,188.2971655,NCM
59,O153,p1r3,20,26,1321,-3455,L,-3055,-1521,125.6902174,NCM
60,O153,p1r3,26,29,1321,-3455,L,-3355,-1921,132.9224999,NCM
61,O153,p1r3,28,23,1321,-3455,L,-2755,-1921,150.0812444,L3
62,O153,p1r3,29,14,1321,-3455,L,-3455,-1521,188.5737541,NCM
63,O153,p1r3,30,25,1321,-3455,L,-2755,-1521,164.2928214,L3
64,O153,p1r3,31,9,1321,-3455,L,-3455,-1921,140.8166118,NCM
65,O153,p2r1,10,34,1321,-3504,L,-3004,-1121,147.8533949,NCM
66,O153,p2r1,18,23,1321,-3504,L,-2904,-1921,132.4722572,NCM
67,O153,p2r1,23,12,1321,-3504,L,-3004,-1921,149.7789804,NCM
68,O153,p3r1,9,41,-1264,-1884,R,-1184,1064,64.51483119,CM
69,O153,p3r1,10,34,-1264,-1884,R,-1384,1064,81.29459058,CM
70,O153,p3r1,19,5,-1264,-1884,R,-1384,1464,67.33591054,CM
71,O153,p3r1,23,12,-1264,-1884,R,-1384,1864,86.35196065,CM
72,O153,p3r1,27,15,-1264,-1884,R,-1684,1864,51.3516468,CM
73,O153,p3r2,24,3,-1264,-2875,R,-2675,1464,281.9486908,L3
74,O153,p3r2,26,20,-1264,-2875,R,-2775,1864,288.4402747,NCM
75,O184,p1r1,1,47,1174,-1992,L,-1992,-974,107.4373049,L1
76,O184,p1r1,10,39,1174,-1992,L,-1492,-974,108.6148291,CM
77,O184,p1r1,15,49,1174,-1992,L,-1792,-574,96.55098181,L1
78,O184,p1r1,18,30,1174,-1992,L,-1392,-1774,73.01370943,CM
79,O184,p1r1,19,4,1174,-1992,L,-1492,-1374,79.29521632,CM
80,O184,p1r1,23,13,1174,-1992,L,-1492,-1774,99.68076411,CM
81,O184,p1r1,26,28,1174,-1992,L,-1892,-1774,82.52920959,L1
82,O184,p1r2,8,35,1174,-3092,L,-2792,-974,137.2283283,L3
83,O184,p1r2,14,27,1174,-3092,L,-2492,-974,395.1622016,L2a
84,O184,p1r2,21,14,1174,-3092,L,-2792,-1774,282.7701403,L2a
85,O184,p2r1,5,51,1353,-3859,L,-3559,-753,172.8613142,NCM
86,O184,p2r1,17,3,1353,-3859,L,-3759,-1553,136.2309286,NCM
87,O184,p2r1,20,30,1353,-3859,L,-3459,-1553,151.7735302,NCM
88,O184,p2r1,24,5,1353,-3859,L,-3659,-1553,147.0208751,NCM
89,O184,p2r1,25,16,1353,-3859,L,-3259,-1553,161.0472154,L3
90,O184,p2r1,27,23,1353,-3859,L,-3659,-1953,139.5169554,NCM
91,O184,p2r1,29,13,1353,-3859,L,-3859,-1553,156.8699596,NCM
92,O184,p2r1,30,28,1353,-3859,L,-3159,-1553,168.1866472,L3
93,O184,p2r1,31,11,1353,-3859,L,-3859,-1953,159.4362218,NCM
94,O184,p3r1,2,47,-989,-1914,R,-1814,789,69.87051825,CM
95,O184,p3r1,16,28,-989,-1914,R,-1714,789,87.23783194,CM
96,O184,p3r1,17,2,-989,-1914,R,-1814,1189,61.88323899,CM
97,O184,p3r1,18,27,-989,-1914,R,-1314,1589,63.25237939,CM
98,O184,p3r1,24,4,-989,-1914,R,-1714,1189,59.7129413,CM
99,O184,p3r1,24,5,-989,-1914,R,-1714,1189,59.7129413,CM
100,O184,p4r1,6,38,-1005,-3877,R,-3177,405,169.9973009,NCM
101,O184,p4r1,10,41,-1005,-3877,R,-3377,805,169.0328857,NCM
102,O184,p4r1,14,33,-1005,-3877,R,-3277,805,175.5143442,NCM
103,P15,p1r1,17,2,-965,-1845,R,-1745,1165,50.88365677,
104,P15,p1r1,27,14,-965,-1845,R,-1645,1565,48.99190494,
105,P15,p1r2,3,30,-965,-2673,R,-2273,765,172.2868577,
106,P15,p1r2,15,44,-965,-2673,R,-2473,365,176.4422183,
107,P15,p1r2,29,8,-965,-2673,R,-2673,1165,82.34827706,
108,P15,p1r2,30,17,-965,-2673,R,-1973,1165,437.5870263,
109,P15,p1r3,13,46,-965,-3910,R,-3410,365,166.5139183,
110,P15,p1r3,21,17,-965,-3910,R,-3610,1565,171.8893481,
111,P15,p1r3,27,21,-965,-3910,R,-3710,1565,222.0969952,
112,P15,p1r3,28,23,-965,-3910,R,-3210,1565,152.069062,
113,P15,p1r3,29,12,-965,-3910,R,-3910,1165,213.7400449,
114,P15,p2r1,7,36,1183,-2137,L,-2137,-583,108.9579474,
115,P15,p2r1,15,54,1183,-2137,L,-1937,-583,117.879314,
116,P15,p2r1,17,2,1183,-2137,L,-2037,-1383,76.11537143,
117,P15,p2r2,11,27,1183,-3837,L,-3437,-583,108.2822848,
118,P15,p2r2,14,24,1183,-3837,L,-3237,-983,121.7198029,
119,P15,p2r2,16,22,1183,-3837,L,-3637,-983,148.1734967,
120,P15,p2r2,21,11,1183,-3837,L,-3537,-1783,140.5691914,
121,P15,p2r2,22,13,1183,-3837,L,-3437,-1783,140.0031728,
122,P4,p1r1,1,49,1275,-1559,R,-1559,1075,130.548245,CM
123,P4,p1r1,8,44,1275,-1559,R,-1259,1075,54.54305653,CM
124,P4,p1r1,31,11,1275,-1559,R,-1559,1875,100.9094737,CM
125,P4,p1r1,31,12,1275,-1559,R,-1559,1875,100.9094737,CM
126,P4,p1r2,1,55,1275,-2459,R,-2459,1075,345.3768888,L3
127,P4,p1r2,14,40,1275,-2459,R,-1859,1075,273.284314,L1
128,P4,p1r2,17,2,1275,-2459,R,-2359,1475,247.9529556,L3
129,P4,p1r2,17,4,1275,-2459,R,-2359,1475,247.9529556,L3
130,P4,p1r2,20,31,1275,-2459,R,-2059,1475,498.5894592,L2a
131,P4,p1r2,21,20,1275,-2459,R,-2159,1875,490.7938581,L2a
132,P4,p1r2,22,23,1275,-2459,R,-2059,1875,378.3091369,L2a
133,P4,p1r2,24,7,1275,-2459,R,-2259,1475,284.9055443,L3
134,P4,p1r2,25,14,1275,-2459,R,-1859,1475,451.0984653,L2a
135,P4,p1r2,25,16,1275,-2459,R,-1859,1475,451.0984653,L2a
136,P4,p1r2,26,34,1275,-2459,R,-2359,1875,487.1774981,L3
137,P4,p1r2,27,26,1275,-2459,R,-2259,1875,192.7276374,L3
138,P4,p1r3,2,49,1275,-3263,R,-3163,1075,169.7398616,NCM
139,P4,p1r3,3,42,1275,-3263,R,-2863,1075,168.4009801,NCM
140,P4,p1r3,6,44,1275,-3263,R,-2563,675,172.0894536,L3
141,P4,p1r3,9,53,1275,-3263,R,-2563,1075,171.3015345,L3
142,P4,p1r3,9,54,1275,-3263,R,-2563,1075,171.3015345,L3
143,P4,p1r3,15,59,1275,-3263,R,-3063,675,159.797315,NCM
144,P4,p1r3,19,8,1275,-3263,R,-2763,1475,191.9276279,NCM
145,P4,p1r3,21,19,1275,-3263,R,-2963,1875,174.8232383,NCM
146,P4,p1r3,24,5,1275,-3263,R,-3063,1475,238.3677347,NCM
147,P4,p1r3,24,6,1275,-3263,R,-3063,1475,238.3677347,NCM
148,P4,p1r3,28,24,1275,-3263,R,-2563,1875,169.8762058,L3
149,P4,p1r3,28,25,1275,-3263,R,-2563,1875,169.8762058,L3
150,P4,p1r3,29,16,1275,-3263,R,-3263,1475,268.7828885,NCM
151,P4,p1r3,31,13,1275,-3263,R,-3263,1875,182.7970381,NCM
152,P4,p2r1,8,42,1167,-1963,L,-1663,-967,78.34733458,
153,P4,p2r1,14,34,1167,-1963,L,-1363,-967,117.1081863,
154,P4,p2r1,18,29,1167,-1963,L,-1363,-1767,95.53606031,
155,P4,p2r1,23,12,1167,-1963,L,-1463,-1767,136.1190067,
156,P4,p2r2,1,43,1167,-2390,L,-2390,-967,427.941375,
157,P4,p2r2,4,26,1167,-2390,L,-2290,-567,437.4701968,
158,P4,p2r2,9,40,1167,-2390,L,-1690,-967,221.7578422,
159,P4,p2r2,21,11,1167,-2390,L,-2090,-1767,220.1743201,
160,P4,p2r2,21,12,1167,-2390,L,-2090,-1767,220.1743201,
161,P4,p2r3,21,15,1167,-3687,L,-3387,-1767,159.6960617,
162,P4,p2r3,28,21,1167,-3687,L,-2987,-1767,178.8505611,
163,P47,p1r1,23,12,-1031,-2261,R,-1761,1631,127.8688577,
164,P47,p1r2,15,43,-1031,-3061,R,-2861,431,444.9602474,
165,P47,p1r2,21,13,-1031,-3061,R,-2761,1631,399.122471,
166,P47,p1r2,27,16,-1031,-3061,R,-2861,1631,169.8756224,
167,P47,p1r3,9,54,-1031,-3977,R,-3277,831,153.8959972,
168,P47,p1r3,17,1,-1031,-3977,R,-3877,1231,189.9560206,
169,P47,p1r3,19,6,-1031,-3977,R,-3477,1231,142.7186905,
170,P47,p1r3,19,8,-1031,-3977,R,-3477,1231,142.7186905,
171,P47,p1r3,20,32,-1031,-3977,R,-3577,1231,135.7147973,
172,P47,p1r3,21,23,-1031,-3977,R,-3677,1631,144.8095516,
173,P47,p1r3,26,35,-1031,-3977,R,-3877,1631,135.0903824,
174,P51,p1r1,2,48,-1407,-1787,R,-1687,1207,103.5903501,
175,P51,p1r1,2,49,-1407,-1787,R,-1687,1207,103.5903501,
176,P51,p1r1,9,52,-1407,-1787,R,-1087,1207,86.43964106,
177,P51,p1r1,10,43,-1407,-1787,R,-1287,1207,95.55247357,
178,P51,p1r1,12,45,-1407,-1787,R,-1187,807,85.65267971,
179,P51,p1r1,18,30,-1407,-1787,R,-1187,2007,95.9953569,
180,P51,p1r1,23,15,-1407,-1787,R,-1287,2007,124.4109288,
181,P51,p1r1,27,19,-1407,-1787,R,-1587,2007,80.03828585,
182,P51,p1r1,31,10,-1407,-1787,R,-1787,2007,117.4334943,
183,P51,p1r2,4,39,-1407,-2587,R,-2487,807,282.1658494,
184,P51,p1r2,5,58,-1407,-2587,R,-2287,807,133.7679291,
185,P51,p1r2,10,53,-1407,-2587,R,-2087,1207,197.4545963,
186,P51,p1r2,11,44,-1407,-2587,R,-2187,807,141.7416772,
187,P51,p1r2,16,38,-1407,-2587,R,-2387,1207,577.9545613,
188,P51,p1r2,22,19,-1407,-2587,R,-2187,2007,333.3800613,
189,P51,p1r2,26,34,-1407,-2587,R,-2487,2007,626.6206687,
190,P51,p1r3,5,62,-1407,-3687,R,-3387,807,167.2600013,
191,P51,p1r3,10,52,-1407,-3687,R,-3187,1207,140.2751192,
192,P51,p1r3,10,53,-1407,-3687,R,-3187,1207,140.2751192,
193,P51,p1r3,11,44,-1407,-3687,R,-3287,807,154.1736473,
194,P51,p1r3,18,34,-1407,-3687,R,-3087,2007,118.9214982,
195,P51,p1r3,19,5,-1407,-3687,R,-3187,1607,153.9639347,
196,P51,p1r3,22,21,-1407,-3687,R,-3287,2007,178.814416,
197,P51,p1r3,28,25,-1407,-3687,R,-2987,2007,137.6747442,
198,P51,p1r3,29,14,-1407,-3687,R,-3687,1607,216.1150195,
199,P51,p2r1,5,46,1230,-1949,L,-1649,-630,55.69861183,
200,P51,p2r1,13,50,1230,-1949,L,-1449,-630,77.46839141,
201,P51,p2r1,22,20,1230,-1949,L,-1549,-1830,68.86575525,
202,P51,p2r1,23,14,1230,-1949,L,-1449,-1830,126.1793775,
203,P51,p2r2,2,55,1230,-2749,L,-2649,-1030,485.931947,
204,P51,p2r2,8,51,1230,-2749,L,-2449,-1030,249.56666,
205,P51,p2r2,8,53,1230,-2749,L,-2449,-1030,249.56666,
206,P51,p2r2,12,50,1230,-2749,L,-2149,-630,443.6471371,
207,P51,p2r2,13,62,1230,-2749,L,-2249,-630,344.2324348,
208,P51,p2r2,22,17,1230,-2749,L,-2349,-1830,247.3447914,
209,P51,p2r2,25,13,1230,-2749,L,-2149,-1430,144.8514865,
210,P51,p2r3,18,33,1230,-3549,L,-2949,-1830,119.667126,
211,P51,p2r3,20,30,1230,-3549,L,-3149,-1430,143.635976,
212,P51,p2r3,28,22,1230,-3549,L,-2849,-1830,156.5377793,
213,P60,p1r1,8,33,-1156,-2225,R,-1925,956,101.3498754,CM
214,P60,p1r2,12,40,-1156,-3125,R,-2525,556,193.392839,L1
215,P60,p1r2,27,18,-1156,-3125,R,-2925,1756,221.2370402,L2a
216,P60,p1r3,22,13,-1156,-3925,R,-3525,1756,237.4488063,NCM
217,P60,p1r3,30,17,-1156,-3925,R,-3225,1356,152.0649497,L3
218,P60,p2r1,4,20,1301,-2076,L,-1976,-701,98.54432217,CM
219,P60,p2r1,15,40,1301,-2076,L,-1876,-701,115.7011559,CM
220,P60,p2r2,8,37,1301,-2976,L,-2676,-1101,179.768041,CM
221,P60,p2r2,8,38,1301,-2976,L,-2676,-1101,179.768041,CM
222,P60,p2r2,14,25,1301,-2976,L,-2376,-1101,632.2969937,L2a
223,P60,p2r2,15,47,1301,-2976,L,-2776,-701,492.2184978,L2a
224,P60,p2r2,22,12,1301,-2976,L,-2576,-1901,320.0757297,L3
225,P60,p2r3,2,39,1301,-3776,L,-3676,-1101,168.7471586,NCM
226,P60,p2r3,9,42,1301,-3776,L,-3076,-1101,174.814508,NCM
227,P60,p2r3,11,24,1301,-3776,L,-3376,-701,219.5665786,NCM
228,P69,p1r2,1,67,-1255,-3219,R,-3219,1055,226.6841526,L3
229,P69,p1r2,5,62,-1255,-3219,R,-2919,655,188.5084126,L2a
230,P69,p1r2,6,48,-1255,-3219,R,-2519,655,140.0646192,L1
231,P69,p1r2,7,45,-1255,-3219,R,-3219,655,322.7785245,L3
232,P69,p1r2,8,56,-1255,-3219,R,-2919,1055,279.1178769,L2a
233,P69,p1r2,10,51,-1255,-3219,R,-2719,1055,235.8506319,L1
234,P69,p1r2,16,40,-1255,-3219,R,-3019,1055,320.0918554,L2a
235,P69,p1r2,18,38,-1255,-3219,R,-2619,1855,327.8309701,CM
236,P69,p1r2,24,3,-1255,-3219,R,-3019,1455,382.8416488,L2a
237,P69,p2r1,4,47,-1287,-3945,R,-3845,687,121.3483795,NCM
238,P69,p2r1,8,66,-1287,-3945,R,-3645,1087,166.299142,NCM
239,P69,p2r1,10,61,-1287,-3945,R,-3445,1087,121.2703263,NCM
240,P69,p2r1,10,62,-1287,-3945,R,-3445,1087,121.2703263,NCM
241,P69,p2r1,17,2,-1287,-3945,R,-3845,1487,152.3044123,NCM
242,P69,p2r1,21,23,-1287,-3945,R,-3645,1887,139.5453021,NCM
243,P69,p3r1,25,9,1466,-2225,L,-1625,-1666,99.12609087,CM
244,P69,p3r1,25,11,1466,-2225,L,-1625,-1666,99.12609087,CM
245,P69,p3r1,25,12,1466,-2225,L,-1625,-1666,99.12609087,CM
246,P69,p3r1,31,7,1466,-2225,L,-2225,-2066,82.74120412,CM
247,P69,p3r2,9,43,1466,-3225,L,-2525,-1266,250.6033222,L2a
248,P69,p4r1,10,43,1441,-4118,L,-3618,-1241,159.9026203,NCM
249,P69,p4r1,10,44,1441,-4118,L,-3618,-1241,159.9026203,NCM
250,P69,p4r1,11,38,1441,-4118,L,-3718,-841,176.7355964,NCM
251,P69,p4r1,12,47,1441,-4118,L,-3518,-841,164.485418,L3
252,P69,p4r1,18,31,1441,-4118,L,-3518,-2041,105.6629799,NCM
253,P69,p4r1,19,5,1441,-4118,L,-3618,-1641,130.3632826,NCM
254,P69,p4r1,19,6,1441,-4118,L,-3618,-1641,130.3632826,NCM
255,P69,p4r1,22,21,1441,-4118,L,-3718,-2041,104.8410761,NCM
256,P69,p4r1,23,17,1441,-4118,L,-3618,-2041,132.5023723,NCM
257,P69,p4r1,30,25,1441,-4118,L,-3418,-1641,133.7013822,L3
258,P69,p4r1,31,9,1441,-4118,L,-4118,-2041,131.8373895,NCM
259,P71,p1r1,1,42,1185,-1844,L,-1844,-985,125.4718108,
260,P71,p1r1,23,10,1185,-1844,L,-1344,-1785,107.2632937,
261,P71,p1r1,24,2,1185,-1844,L,-1644,-1385,58.64664066,
262,P71,p1r2,1,54,1185,-2644,L,-2644,-985,479.2614921,
263,P71,p1r2,4,32,1185,-2644,L,-2544,-585,276.6522341,
264,P71,p1r2,29,10,1185,-2644,L,-2644,-1385,120.0677686,
265,P71,p1r2,30,23,1185,-2644,L,-1944,-1385,453.2234548,
266,P71,p1r3,3,46,1185,-3644,L,-3244,-985,143.0493763,
267,P71,p1r3,3,47,1185,-3644,L,-3244,-985,143.0493763,
268,P71,p1r3,19,7,1185,-3644,L,-3144,-1385,170.9684793,
269,P71,p1r3,19,8,1185,-3644,L,-3144,-1385,170.9684793,
270,P71,p1r3,22,24,1185,-3644,L,-3244,-1785,206.1408635,
271,P71,p1r3,24,2,1185,-3644,L,-3444,-1385,253.3589536,
272,P71,p1r3,26,34,1185,-3644,L,-3544,-1785,169.199379,
273,P71,p2r1,1,44,-1108,-2196,R,-2196,908,103.8120719,
274,P71,p2r1,2,39,-1108,-2196,R,-2096,908,79.83148633,
275,P71,p2r1,16,26,-1108,-2196,R,-1996,908,91.69315559,
276,P71,p2r2,4,43,-1108,-2902,R,-2802,508,160.3550425,
277,P71,p2r2,5,60,-1108,-2902,R,-2602,508,128.1457121,
278,P71,p2r2,5,62,-1108,-2902,R,-2602,508,128.1457121,
279,P71,p2r2,8,56,-1108,-2902,R,-2602,908,107.1139301,
280,P71,p2r2,25,15,-1108,-2902,R,-2302,1308,387.9320262,
281,P71,p2r3,3,30,-1108,-3702,R,-3302,908,173.8337019,
282,P71,p2r3,17,1,-1108,-3702,R,-3602,1308,564.4792829,
283,P72,p1r1,2,41,1339,-1633,L,-1533,-1139,92.61787073,
284,P72,p1r1,18,26,1339,-1633,L,-1033,-1939,96.70823676,
285,P72,p1r2,4,23,1339,-2733,L,-2633,-739,808.6882952,
286,P72,p1r2,11,26,1339,-2733,L,-2333,-739,490.2262537,
287,P72,p1r2,13,44,1339,-2733,L,-2233,-739,400.2140731,
288,P72,p1r2,15,50,1339,-2733,L,-2533,-739,626.9017878,
289,P72,p1r2,15,51,1339,-2733,L,-2533,-739,626.9017878,
290,P72,p1r2,19,4,1339,-2733,L,-2233,-1539,541.7677945,
291,P72,p1r2,22,13,1339,-2733,L,-2333,-1939,360.5564753,
292,P72,p1r3,6,49,1339,-3533,L,-2833,-739,146.7668038,
293,P72,p1r3,11,42,1339,-3533,L,-3133,-739,266.782273,
294,P72,p1r3,11,43,1339,-3533,L,-3133,-739,266.782273,
295,P72,p1r3,13,62,1339,-3533,L,-3033,-739,236.7528954,
296,P72,p1r3,15,68,1339,-3533,L,-3333,-739,153.1154206,
297,P72,p1r3,16,36,1339,-3533,L,-3333,-1139,131.2150028,
298,P72,p1r3,18,31,1339,-3533,L,-2933,-1939,122.0707541,
299,P72,p1r3,27,22,1339,-3533,L,-3333,-1939,148.1923605,
300,P72,p1r3,31,13,1339,-3533,L,-3533,-1939,154.6597162,
301,P72,p2r1,22,19,-1527,-2049,R,-1649,2127,80.272952,
302,P72,p2r2,4,31,-1527,-3149,R,-3049,927,143.8154806,
303,P72,p2r2,5,47,-1527,-3149,R,-2849,927,132.0544856,
304,P72,p2r2,8,43,-1527,-3149,R,-2849,1327,230.0311783,
305,P72,p2r2,9,50,-1527,-3149,R,-2449,1327,353.0795561,
306,P72,p2r2,10,39,-1527,-3149,R,-2649,1327,150.470354,
307,P72,p2r2,15,55,-1527,-3149,R,-2949,927,180.8950994,
308,P72,p2r2,18,26,-1527,-3149,R,-2549,2127,305.7982754,
309,P72,p2r2,19,5,-1527,-3149,R,-2649,1727,522.1153072,
310,P72,p2r2,24,2,-1527,-3149,R,-2949,1727,371.3670812,
311,P72,p2r3,4,38,-1527,-3949,R,-3849,927,126.8309396,
312,P72,p2r3,7,46,-1527,-3949,R,-3949,927,119.5181897,
313,P72,p2r3,15,74,-1527,-3949,R,-3749,927,122.9805552,
314,P72,p2r3,18,29,-1527,-3949,R,-3349,2127,109.9029162,
315,P72,p2r3,21,15,-1527,-3949,R,-3649,2127,146.9501109,
316,P74,p1r1,4,21,-1091,-2184,R,-2084,491,108.1243575,L1
317,P74,p1r2,5,49,-1091,-3084,R,-2784,491,144.4605854,L3
318,P74,p1r2,8,44,-1091,-3084,R,-2784,891,204.5697577,L3
319,P74,p1r2,11,32,-1091,-3084,R,-2684,491,156.7695357,L3
320,P74,p1r2,15,55,-1091,-3084,R,-2884,491,150.9321198,L3
321,P74,p1r3,4,28,-1091,-3884,R,-3784,491,224.7873246,NCM
322,P74,p1r3,8,44,-1091,-3884,R,-3584,891,143.011511,NCM
323,P74,p2r1,17,1,2156,-2127,L,-2027,-2356,53.65326932,L1
324,P74,p2r1,22,17,2156,-2127,L,-1727,-2756,61.49406527,CM
325,P74,p2r2,9,42,2156,-3027,L,-2327,-1956,374.5813102,L2a
326,P74,p2r2,20,18,2156,-3027,L,-2627,-2356,124.501478,L3
327,P74,p2r2,28,14,2156,-3027,L,-2327,-2756,161.0888127,L2a
328,P74,p2r2,30,16,2156,-3027,L,-2327,-2356,117.2010393,L2a
329,P74,p2r2,30,17,2156,-3027,L,-2327,-2356,117.2010393,L2a
330,P74,p2r3,11,40,2156,-3827,L,-3427,-1556,168.3732532,NCM
331,P74,p2r3,13,67,2156,-3827,L,-3327,-1556,145.1259962,NCM
332,P74,p2r3,19,5,2156,-3827,L,-3327,-2356,126.1632488,NCM
333,P74,p2r3,23,17,2156,-3827,L,-3327,-2756,128.8162014,NCM
334,P74,p2r3,27,21,2156,-3827,L,-3627,-2756,108.2486238,NCM
335,P74,p2r3,27,22,2156,-3827,L,-3627,-2756,108.2486238,NCM
336,P74,p2r3,28,24,2156,-3827,L,-3127,-2756,129.466936,NCM
337,P75,p1r1,14,30,1512,-2190,L,-1590,-1312,125.8120325,CM
338,P75,p1r1,17,2,1512,-2190,L,-2090,-1712,46.78523783,CM
339,P75,p1r1,19,7,1512,-2190,L,-1690,-1712,53.2421157,CM
340,P75,p1r1,19,8,1512,-2190,L,-1690,-1712,53.2421157,CM
341,P75,p1r1,23,15,1512,-2190,L,-1690,-2112,73.06357001,CM
342,P75,p1r1,24,5,1512,-2190,L,-1990,-1712,48.08333676,CM
343,P75,p1r1,26,25,1512,-2190,L,-2090,-2112,57.14216582,CM
344,P75,p1r2,5,44,1512,-2990,L,-2690,-912,249.0190778,L2a
345,P75,p1r2,9,48,1512,-2990,L,-2290,-1312,283.4777844,L1
346,P75,p1r2,10,39,1512,-2990,L,-2490,-1312,328.973553,L1
347,P75,p1r2,11,30,1512,-2990,L,-2590,-912,282.6329012,L2a
348,P75,p1r2,11,32,1512,-2990,L,-2590,-912,282.6329012,L2a
349,P75,p1r2,18,24,1512,-2990,L,-2390,-2112,365.628535,L1
350,P75,p1r3,2,65,1512,-3790,L,-3690,-1312,305.4099339,NCM
351,P75,p1r3,3,52,1512,-3790,L,-3390,-1312,157.811963,L3
352,P75,p1r3,4,38,1512,-3790,L,-3690,-912,233.6572389,NCM
353,P75,p1r3,4,39,1512,-3790,L,-3690,-912,233.6572389,NCM
354,P75,p1r3,5,68,1512,-3790,L,-3490,-912,593.6121531,NCM
355,P75,p1r3,10,59,1512,-3790,L,-3290,-1312,306.1327148,L3
356,P75,p1r3,20,31,1512,-3790,L,-3390,-1712,138.3238997,L3
357,P75,p1r3,25,18,1512,-3790,L,-3190,-1712,133.4365909,L3
358,P75,p1r3,27,26,1512,-3790,L,-3590,-2112,231.6754864,NCM
359,P75,p2r1,3,48,1512,-3927,L,-3527,-1312,136.7147727,NCM
360,P75,p2r1,3,50,1512,-3927,L,-3527,-1312,136.7147727,NCM
361,P75,p2r1,5,71,1512,-3927,L,-3627,-912,335.2941703,NCM
362,P75,p2r1,6,55,1512,-3927,L,-3227,-912,132.8391083,L3
363,P75,p2r1,12,59,1512,-3927,L,-3327,-912,208.5938664,L3
364,P75,p2r1,14,42,1512,-3927,L,-3327,-1312,148.3111569,L3
365,P75,p2r1,14,44,1512,-3927,L,-3327,-1312,148.3111569,L3
366,P75,p2r1,15,78,1512,-3927,L,-3727,-912,133.8454449,NCM
367,P75,p2r1,20,26,1512,-3927,L,-3527,-1712,118.8829434,NCM
368,P75,p3r1,1,59,1609,-2105,R,-2105,1409,120.2273428,L1
369,P75,p3r1,3,40,1609,-2105,R,-1705,1409,111.3058561,CM
370,P75,p3r1,8,52,1609,-2105,R,-1805,1409,47.33495782,CM
371,P75,p3r1,12,50,1609,-2105,R,-1505,1009,52.64466195,CM
372,P75,p3r1,15,62,1609,-2105,R,-1905,1009,97.29276518,L1
373,P75,p3r1,16,33,1609,-2105,R,-1905,1409,153.1742134,L1
374,P75,p3r1,24,4,1609,-2105,R,-1905,1809,53.98791444,L1
375,P75,p3r1,25,13,1609,-2105,R,-1505,1809,130.2316583,CM
376,P75,p3r2,2,53,1609,-3954,R,-3854,1409,239.7431924,NCM
377,P75,p3r2,4,30,1609,-3954,R,-3854,1009,166.3187643,NCM
378,P75,p3r2,6,42,1609,-3954,R,-3254,1009,119.3406741,L2a
379,P75,p3r2,6,43,1609,-3954,R,-3254,1009,119.3406741,L2a
380,P75,p3r2,6,44,1609,-3954,R,-3254,1009,119.3406741,L2a
381,P75,p3r2,10,47,1609,-3954,R,-3454,1409,182.8451044,L3
382,P75,p3r2,11,34,1609,-3954,R,-3554,1009,221.1976809,L3
383,P75,p3r2,11,35,1609,-3954,R,-3554,1009,221.1976809,L3
384,P75,p3r2,13,59,1609,-3954,R,-3454,1009,320.4122009,L3
385,P75,p3r2,13,60,1609,-3954,R,-3454,1009,320.4122009,L3
386,P75,p3r2,14,31,1609,-3954,R,-3354,1409,149.3738027,L2a
387,P75,p3r2,16,27,1609,-3954,R,-3754,1409,129.384482,NCM
388,P75,p3r2,19,4,1609,-3954,R,-3454,1809,252.2030366,L2a
389,P75,p3r2,22,15,1609,-3954,R,-3554,2209,318.6400745,L3
