,Bird,UUID,Age,Type,Sex,Recording,Channel,Cluster,Location,Hemisphere,Lateral,Depth,SocialGroup
0,G158,f844f0eb-634f-4a06-8979-96972ce9c10c,599,CR,F,p1r1,11,28,CMFL,L,1474.0,-1955.0,180B
1,G158,f844f0eb-634f-4a06-8979-96972ce9c10c,599,CR,F,p1r1,24,3,CMFL,L,1474.0,-1955.0,180B
2,G158,f844f0eb-634f-4a06-8979-96972ce9c10c,599,CR,F,p1r1,26,21,CMFL,L,1474.0,-1955.0,180B
3,G158,f844f0eb-634f-4a06-8979-96972ce9c10c,599,CR,F,p1r1,2,38,CMFL,L,1474.0,-1955.0,180B
4,G158,f844f0eb-634f-4a06-8979-96972ce9c10c,599,CR,F,p1r1,8,37,CMFL,L,1474.0,-1955.0,180B
5,G158,f844f0eb-634f-4a06-8979-96972ce9c10c,599,CR,F,p1r2,27,13,FL,L,1474.0,-2755.0,180B
6,G158,f844f0eb-634f-4a06-8979-96972ce9c10c,599,CR,F,p1r2,2,33,FL,L,1474.0,-2755.0,180B
7,G158,f844f0eb-634f-4a06-8979-96972ce9c10c,599,CR,F,p1r2,31,6,FL,L,1474.0,-2755.0,180B
8,G158,f844f0eb-634f-4a06-8979-96972ce9c10c,599,CR,F,p1r2,7,25,FL,L,1474.0,-2755.0,180B
9,G158,f844f0eb-634f-4a06-8979-96972ce9c10c,599,CR,F,p2r1,17,1,CM,L,1267.0,-1869.0,180B
10,G158,f844f0eb-634f-4a06-8979-96972ce9c10c,599,CR,F,p2r1,19,6,CM,L,1267.0,-1869.0,180B
11,G158,f844f0eb-634f-4a06-8979-96972ce9c10c,599,CR,F,p2r1,22,17,CM,L,1267.0,-1869.0,180B
12,G158,f844f0eb-634f-4a06-8979-96972ce9c10c,599,CR,F,p2r2,25,9,FL,L,1267.0,-2669.0,180B
13,G158,f844f0eb-634f-4a06-8979-96972ce9c10c,599,CR,F,p2r2,9,39,FL,L,1267.0,-2669.0,180B
14,G158,f844f0eb-634f-4a06-8979-96972ce9c10c,599,CR,F,p2r2,9,40,FL,L,1267.0,-2669.0,180B
15,G158,f844f0eb-634f-4a06-8979-96972ce9c10c,599,CR,F,p2r3,20,24,NCM,L,1267.0,-3410.0,180B
16,G158,f844f0eb-634f-4a06-8979-96972ce9c10c,599,CR,F,p2r3,22,17,NCM,L,1267.0,-3410.0,180B
17,G158,f844f0eb-634f-4a06-8979-96972ce9c10c,599,CR,F,p2r3,24,3,NCM,L,1267.0,-3410.0,180B
18,G158,f844f0eb-634f-4a06-8979-96972ce9c10c,599,CR,F,p2r3,26,27,NCM,L,1267.0,-3410.0,180B
19,G158,f844f0eb-634f-4a06-8979-96972ce9c10c,599,CR,F,p2r3,28,20,NCM,L,1267.0,-3410.0,180B
20,G158,f844f0eb-634f-4a06-8979-96972ce9c10c,599,CR,F,p2r3,29,11,NCM,L,1267.0,-3410.0,180B
21,G158,f844f0eb-634f-4a06-8979-96972ce9c10c,599,CR,F,p2r3,2,44,NCM,L,1267.0,-3410.0,180B
22,G158,f844f0eb-634f-4a06-8979-96972ce9c10c,599,CR,F,p2r3,30,22,NCM,L,1267.0,-3410.0,180B
23,G158,f844f0eb-634f-4a06-8979-96972ce9c10c,599,CR,F,p3r1,19,4,CM,R,1371.0,-1889.0,180B
24,G158,f844f0eb-634f-4a06-8979-96972ce9c10c,599,CR,F,p3r2,10,46,NCM,R,-1371.0,-3251.0,180B
25,G158,f844f0eb-634f-4a06-8979-96972ce9c10c,599,CR,F,p3r2,14,36,NCM,R,-1371.0,-3251.0,180B
26,G158,f844f0eb-634f-4a06-8979-96972ce9c10c,599,CR,F,p3r2,6,41,NCM,R,-1371.0,-3251.0,180B
27,G158,f844f0eb-634f-4a06-8979-96972ce9c10c,599,CR,F,p3r2,6,42,NCM,R,-1371.0,-3251.0,180B
28,G158,f844f0eb-634f-4a06-8979-96972ce9c10c,599,CR,F,p3r2,6,44,NCM,R,-1371.0,-3251.0,180B
29,G158,f844f0eb-634f-4a06-8979-96972ce9c10c,599,CR,F,p3r2,8,50,NCM,R,-1371.0,-3251.0,180B
30,O129,e39e1763-421d-418b-913f-17166251589c,1126,CR,M,p1r1,19,5,CM,L,1292.0,-1778.0,178B
31,O129,e39e1763-421d-418b-913f-17166251589c,1126,CR,M,p1r1,24,3,CM,L,1292.0,-1778.0,178B
32,O129,e39e1763-421d-418b-913f-17166251589c,1126,CR,M,p1r1,6,34,CM,L,1292.0,-1778.0,178B
33,O129,e39e1763-421d-418b-913f-17166251589c,1126,CR,M,p1r1,8,38,CM,L,1292.0,-1778.0,178B
34,O129,e39e1763-421d-418b-913f-17166251589c,1126,CR,M,p1r2,11,28,FL,L,1292.0,-2678.0,178B
35,O129,e39e1763-421d-418b-913f-17166251589c,1126,CR,M,p1r2,19,3,FL,L,1292.0,-2678.0,178B
36,O129,e39e1763-421d-418b-913f-17166251589c,1126,CR,M,p1r2,4,24,FL,L,1292.0,-2678.0,178B
37,O129,e39e1763-421d-418b-913f-17166251589c,1126,CR,M,p1r2,5,40,FL,L,1292.0,-2678.0,178B
38,O129,e39e1763-421d-418b-913f-17166251589c,1126,CR,M,p1r2,6,31,FL,L,1292.0,-2678.0,178B
39,O129,e39e1763-421d-418b-913f-17166251589c,1126,CR,M,p1r3,1,49,NCM,L,1292.0,-3878.0,178B
40,O129,e39e1763-421d-418b-913f-17166251589c,1126,CR,M,p1r3,21,15,NCM,L,1292.0,-3878.0,178B
41,O129,e39e1763-421d-418b-913f-17166251589c,1126,CR,M,p1r3,2,40,NCM,L,1292.0,-3878.0,178B
42,O129,e39e1763-421d-418b-913f-17166251589c,1126,CR,M,p1r3,5,41,NCM,L,1292.0,-3878.0,178B
43,O129,e39e1763-421d-418b-913f-17166251589c,1126,CR,M,p2r1,15,46,CM,R,-809.0,-1882.0,178B
44,O129,e39e1763-421d-418b-913f-17166251589c,1126,CR,M,p2r1,9,41,CM,R,-809.0,-1882.0,178B
45,O129,e39e1763-421d-418b-913f-17166251589c,1126,CR,M,p2r2,16,31,FL,R,-809.0,-2782.0,178B
46,O129,e39e1763-421d-418b-913f-17166251589c,1126,CR,M,p2r2,24,3,FL,R,-809.0,-2782.0,178B
47,O129,e39e1763-421d-418b-913f-17166251589c,1126,CR,M,p2r2,3,38,FL,R,-809.0,-2782.0,178B
48,O129,e39e1763-421d-418b-913f-17166251589c,1126,CR,M,p2r2,6,40,FL,R,-809.0,-2782.0,178B
49,O129,e39e1763-421d-418b-913f-17166251589c,1126,CR,M,p2r3,22,15,NCM,R,-809.0,-3982.0,178B
50,O129,e39e1763-421d-418b-913f-17166251589c,1126,CR,M,p2r3,4,33,NCM,R,-809.0,-3982.0,178B
51,O129,e39e1763-421d-418b-913f-17166251589c,1126,CR,M,p2r3,4,34,NCM,R,-809.0,-3982.0,178B
52,O129,e39e1763-421d-418b-913f-17166251589c,1126,CR,M,p2r3,5,45,NCM,R,-809.0,-3982.0,178B
53,O129,e39e1763-421d-418b-913f-17166251589c,1126,CR,M,p2r3,5,46,NCM,R,-809.0,-3982.0,178B
54,O153,ece6d703-d905-4fa4-8765-65966aacedbe,626,CR,F,p1r2,10,29,FL,L,1321.0,-2455.0,178B
55,O153,ece6d703-d905-4fa4-8765-65966aacedbe,626,CR,F,p1r2,11,24,FL,L,1321.0,-2455.0,178B
56,O153,ece6d703-d905-4fa4-8765-65966aacedbe,626,CR,F,p1r2,13,37,FL,L,1321.0,-2455.0,178B
57,O153,ece6d703-d905-4fa4-8765-65966aacedbe,626,CR,F,p1r2,15,42,FL,L,1321.0,-2455.0,178B
58,O153,ece6d703-d905-4fa4-8765-65966aacedbe,626,CR,F,p1r2,20,17,FL,L,1321.0,-2455.0,178B
59,O153,ece6d703-d905-4fa4-8765-65966aacedbe,626,CR,F,p1r3,11,38,FL,L,1321.0,-3455.0,178B
60,O153,ece6d703-d905-4fa4-8765-65966aacedbe,626,CR,F,p1r3,13,52,FL,L,1321.0,-3455.0,178B
61,O153,ece6d703-d905-4fa4-8765-65966aacedbe,626,CR,F,p1r3,20,26,FL,L,1321.0,-3455.0,178B
62,O153,ece6d703-d905-4fa4-8765-65966aacedbe,626,CR,F,p1r3,26,29,FL,L,1321.0,-3455.0,178B
63,O153,ece6d703-d905-4fa4-8765-65966aacedbe,626,CR,F,p1r3,28,23,FL,L,1321.0,-3455.0,178B
64,O153,ece6d703-d905-4fa4-8765-65966aacedbe,626,CR,F,p1r3,29,14,FL,L,1321.0,-3455.0,178B
65,O153,ece6d703-d905-4fa4-8765-65966aacedbe,626,CR,F,p1r3,30,25,FL,L,1321.0,-3455.0,178B
66,O153,ece6d703-d905-4fa4-8765-65966aacedbe,626,CR,F,p1r3,31,9,FL,L,1321.0,-3455.0,178B
67,O153,ece6d703-d905-4fa4-8765-65966aacedbe,626,CR,F,p1r3,7,40,FL,L,1321.0,-3455.0,178B
68,O153,ece6d703-d905-4fa4-8765-65966aacedbe,626,CR,F,p2r1,10,34,NCM,L,1321.0,-3504.0,178B
69,O153,ece6d703-d905-4fa4-8765-65966aacedbe,626,CR,F,p2r1,18,23,NCM,L,1321.0,-3504.0,178B
70,O153,ece6d703-d905-4fa4-8765-65966aacedbe,626,CR,F,p2r1,23,12,NCM,L,1321.0,-3504.0,178B
71,O153,ece6d703-d905-4fa4-8765-65966aacedbe,626,CR,F,p2r1,32,6,NCM,L,1321.0,-3504.0,178B
72,O153,ece6d703-d905-4fa4-8765-65966aacedbe,626,CR,F,p3r1,10,34,CM,R,-1264.0,-1884.0,178B
73,O153,ece6d703-d905-4fa4-8765-65966aacedbe,626,CR,F,p3r1,19,5,CM,R,-1264.0,-1884.0,178B
74,O153,ece6d703-d905-4fa4-8765-65966aacedbe,626,CR,F,p3r1,23,12,CM,R,-1264.0,-1884.0,178B
75,O153,ece6d703-d905-4fa4-8765-65966aacedbe,626,CR,F,p3r1,27,15,CM,R,-1264.0,-1884.0,178B
76,O153,ece6d703-d905-4fa4-8765-65966aacedbe,626,CR,F,p3r1,9,41,CM,R,-1264.0,-1884.0,178B
77,O153,ece6d703-d905-4fa4-8765-65966aacedbe,626,CR,F,p3r2,24,3,FL,R,-1264.0,-2875.0,178B
78,O153,ece6d703-d905-4fa4-8765-65966aacedbe,626,CR,F,p3r2,26,20,FL,R,-1264.0,-2875.0,178B
79,O184,4a0c1cdd-178d-4dc4-8c87-f4204a879bfa,261,CR,F,p1r1,10,39,CM,L,1174.0,-1992.0,178B
80,O184,4a0c1cdd-178d-4dc4-8c87-f4204a879bfa,261,CR,F,p1r1,15,49,CM,L,1174.0,-1992.0,178B
81,O184,4a0c1cdd-178d-4dc4-8c87-f4204a879bfa,261,CR,F,p1r1,18,30,CM,L,1174.0,-1992.0,178B
82,O184,4a0c1cdd-178d-4dc4-8c87-f4204a879bfa,261,CR,F,p1r1,19,4,CM,L,1174.0,-1992.0,178B
83,O184,4a0c1cdd-178d-4dc4-8c87-f4204a879bfa,261,CR,F,p1r1,1,47,CM,L,1174.0,-1992.0,178B
84,O184,4a0c1cdd-178d-4dc4-8c87-f4204a879bfa,261,CR,F,p1r1,23,13,CM,L,1174.0,-1992.0,178B
85,O184,4a0c1cdd-178d-4dc4-8c87-f4204a879bfa,261,CR,F,p1r1,26,28,CM,L,1174.0,-1992.0,178B
86,O184,4a0c1cdd-178d-4dc4-8c87-f4204a879bfa,261,CR,F,p1r2,14,27,FL,L,1174.0,-3092.0,178B
87,O184,4a0c1cdd-178d-4dc4-8c87-f4204a879bfa,261,CR,F,p1r2,21,14,FL,L,1174.0,-3092.0,178B
88,O184,4a0c1cdd-178d-4dc4-8c87-f4204a879bfa,261,CR,F,p1r2,32,6,FL,L,1174.0,-3092.0,178B
89,O184,4a0c1cdd-178d-4dc4-8c87-f4204a879bfa,261,CR,F,p1r2,8,35,FL,L,1174.0,-3092.0,178B
90,O184,4a0c1cdd-178d-4dc4-8c87-f4204a879bfa,261,CR,F,p1r3,12,33,FL,L,1174.0,-3766.0,178B
91,O184,4a0c1cdd-178d-4dc4-8c87-f4204a879bfa,261,CR,F,p1r3,15,45,FL,L,1174.0,-3766.0,178B
92,O184,4a0c1cdd-178d-4dc4-8c87-f4204a879bfa,261,CR,F,p1r3,26,20,FL,L,1174.0,-3766.0,178B
93,O184,4a0c1cdd-178d-4dc4-8c87-f4204a879bfa,261,CR,F,p1r3,27,14,FL,L,1174.0,-3766.0,178B
94,O184,4a0c1cdd-178d-4dc4-8c87-f4204a879bfa,261,CR,F,p1r3,28,17,FL,L,1174.0,-3766.0,178B
95,O184,4a0c1cdd-178d-4dc4-8c87-f4204a879bfa,261,CR,F,p1r3,29,7,FL,L,1174.0,-3766.0,178B
96,O184,4a0c1cdd-178d-4dc4-8c87-f4204a879bfa,261,CR,F,p1r3,5,37,FL,L,1174.0,-3766.0,178B
97,O184,4a0c1cdd-178d-4dc4-8c87-f4204a879bfa,261,CR,F,p2r1,17,3,NCM,L,1353.0,-3859.0,178B
98,O184,4a0c1cdd-178d-4dc4-8c87-f4204a879bfa,261,CR,F,p2r1,20,30,NCM,L,1353.0,-3859.0,178B
99,O184,4a0c1cdd-178d-4dc4-8c87-f4204a879bfa,261,CR,F,p2r1,22,22,NCM,L,1353.0,-3859.0,178B
100,O184,4a0c1cdd-178d-4dc4-8c87-f4204a879bfa,261,CR,F,p2r1,24,5,NCM,L,1353.0,-3859.0,178B
101,O184,4a0c1cdd-178d-4dc4-8c87-f4204a879bfa,261,CR,F,p2r1,25,16,NCM,L,1353.0,-3859.0,178B
102,O184,4a0c1cdd-178d-4dc4-8c87-f4204a879bfa,261,CR,F,p2r1,27,23,NCM,L,1353.0,-3859.0,178B
103,O184,4a0c1cdd-178d-4dc4-8c87-f4204a879bfa,261,CR,F,p2r1,29,13,NCM,L,1353.0,-3859.0,178B
104,O184,4a0c1cdd-178d-4dc4-8c87-f4204a879bfa,261,CR,F,p2r1,30,28,NCM,L,1353.0,-3859.0,178B
105,O184,4a0c1cdd-178d-4dc4-8c87-f4204a879bfa,261,CR,F,p2r1,31,11,NCM,L,1353.0,-3859.0,178B
106,O184,4a0c1cdd-178d-4dc4-8c87-f4204a879bfa,261,CR,F,p2r1,32,7,NCM,L,1353.0,-3859.0,178B
107,O184,4a0c1cdd-178d-4dc4-8c87-f4204a879bfa,261,CR,F,p2r1,32,9,NCM,L,1353.0,-3859.0,178B
108,O184,4a0c1cdd-178d-4dc4-8c87-f4204a879bfa,261,CR,F,p2r1,5,51,NCM,L,1353.0,-3859.0,178B
109,O184,4a0c1cdd-178d-4dc4-8c87-f4204a879bfa,261,CR,F,p3r1,16,28,CM,R,-989.0,-1914.0,178B
110,O184,4a0c1cdd-178d-4dc4-8c87-f4204a879bfa,261,CR,F,p3r1,17,2,CM,R,-989.0,-1914.0,178B
111,O184,4a0c1cdd-178d-4dc4-8c87-f4204a879bfa,261,CR,F,p3r1,18,27,CM,R,-989.0,-1914.0,178B
112,O184,4a0c1cdd-178d-4dc4-8c87-f4204a879bfa,261,CR,F,p3r1,24,4,CM,R,-989.0,-1914.0,178B
113,O184,4a0c1cdd-178d-4dc4-8c87-f4204a879bfa,261,CR,F,p3r1,24,5,CM,R,-989.0,-1914.0,178B
114,O184,4a0c1cdd-178d-4dc4-8c87-f4204a879bfa,261,CR,F,p3r1,2,47,CM,R,-989.0,-1914.0,178B
115,O184,4a0c1cdd-178d-4dc4-8c87-f4204a879bfa,261,CR,F,p4r1,10,41,NCM,R,-1005.0,-3877.0,178B
116,O184,4a0c1cdd-178d-4dc4-8c87-f4204a879bfa,261,CR,F,p4r1,14,33,NCM,R,-1005.0,-3877.0,178B
117,O184,4a0c1cdd-178d-4dc4-8c87-f4204a879bfa,261,CR,F,p4r1,5,48,NCM,R,-1005.0,-3877.0,178B
118,O184,4a0c1cdd-178d-4dc4-8c87-f4204a879bfa,261,CR,F,p4r1,6,38,NCM,R,-1005.0,-3877.0,178B
119,P15,0190022b-8ebe-41c5-a6d5-ebcbf64feb04,NA,CR,F,p1r1,17,2,CM,R,-965.0,-1845.0,178B
120,P15,0190022b-8ebe-41c5-a6d5-ebcbf64feb04,NA,CR,F,p1r1,27,14,CM,R,-965.0,-1845.0,178B
121,P15,0190022b-8ebe-41c5-a6d5-ebcbf64feb04,NA,CR,F,p1r2,15,44,FL,R,-965.0,-2673.0,178B
122,P15,0190022b-8ebe-41c5-a6d5-ebcbf64feb04,NA,CR,F,p1r2,29,8,FL,R,-965.0,-2673.0,178B
123,P15,0190022b-8ebe-41c5-a6d5-ebcbf64feb04,NA,CR,F,p1r2,30,17,FL,R,-965.0,-2673.0,178B
124,P15,0190022b-8ebe-41c5-a6d5-ebcbf64feb04,NA,CR,F,p1r2,3,30,FL,R,-965.0,-2673.0,178B
125,P15,0190022b-8ebe-41c5-a6d5-ebcbf64feb04,NA,CR,F,p1r3,13,46,NCM,R,-965.0,-3910.0,178B
126,P15,0190022b-8ebe-41c5-a6d5-ebcbf64feb04,NA,CR,F,p1r3,21,17,NCM,R,-965.0,-3910.0,178B
127,P15,0190022b-8ebe-41c5-a6d5-ebcbf64feb04,NA,CR,F,p1r3,27,21,NCM,R,-965.0,-3910.0,178B
128,P15,0190022b-8ebe-41c5-a6d5-ebcbf64feb04,NA,CR,F,p1r3,28,23,NCM,R,-965.0,-3910.0,178B
129,P15,0190022b-8ebe-41c5-a6d5-ebcbf64feb04,NA,CR,F,p1r3,29,12,NCM,R,-965.0,-3910.0,178B
130,P15,0190022b-8ebe-41c5-a6d5-ebcbf64feb04,NA,CR,F,p2r1,10,41,CM,L,1183.0,-2137.0,178B
131,P15,0190022b-8ebe-41c5-a6d5-ebcbf64feb04,NA,CR,F,p2r1,15,54,CM,L,1183.0,-2137.0,178B
132,P15,0190022b-8ebe-41c5-a6d5-ebcbf64feb04,NA,CR,F,p2r1,17,2,CM,L,1183.0,-2137.0,178B
133,P15,0190022b-8ebe-41c5-a6d5-ebcbf64feb04,NA,CR,F,p2r1,7,36,CM,L,1183.0,-2137.0,178B
134,P15,0190022b-8ebe-41c5-a6d5-ebcbf64feb04,NA,CR,F,p2r2,11,27,NCM,L,1183.0,-3837.0,178B
135,P15,0190022b-8ebe-41c5-a6d5-ebcbf64feb04,NA,CR,F,p2r2,14,24,NCM,L,1183.0,-3837.0,178B
136,P15,0190022b-8ebe-41c5-a6d5-ebcbf64feb04,NA,CR,F,p2r2,16,22,NCM,L,1183.0,-3837.0,178B
137,P15,0190022b-8ebe-41c5-a6d5-ebcbf64feb04,NA,CR,F,p2r2,21,11,NCM,L,1183.0,-3837.0,178B
138,P15,0190022b-8ebe-41c5-a6d5-ebcbf64feb04,NA,CR,F,p2r2,22,13,NCM,L,1183.0,-3837.0,178B
139,P15,0190022b-8ebe-41c5-a6d5-ebcbf64feb04,NA,CR,F,p2r2,26,19,NCM,L,1183.0,-3837.0,178B
140,P47,86c4df39-b961-4ea3-b7a6-7dfde142ae31,122,CR,M,p1r1,23,12,CM,R,-1031.0,-2261.0,180B
141,P47,86c4df39-b961-4ea3-b7a6-7dfde142ae31,122,CR,M,p1r2,15,43,FL,R,-1031.0,-3061.0,180B
142,P47,86c4df39-b961-4ea3-b7a6-7dfde142ae31,122,CR,M,p1r2,21,13,FL,R,-1031.0,-3061.0,180B
143,P47,86c4df39-b961-4ea3-b7a6-7dfde142ae31,122,CR,M,p1r2,27,16,FL,R,-1031.0,-3061.0,180B
144,P47,86c4df39-b961-4ea3-b7a6-7dfde142ae31,122,CR,M,p1r2,6,31,FL,R,-1031.0,-3061.0,180B
145,P47,86c4df39-b961-4ea3-b7a6-7dfde142ae31,122,CR,M,p1r3,17,1,NCM,R,-1031.0,-3977.0,180B
146,P47,86c4df39-b961-4ea3-b7a6-7dfde142ae31,122,CR,M,p1r3,19,6,NCM,R,-1031.0,-3977.0,180B
147,P47,86c4df39-b961-4ea3-b7a6-7dfde142ae31,122,CR,M,p1r3,19,8,NCM,R,-1031.0,-3977.0,180B
148,P47,86c4df39-b961-4ea3-b7a6-7dfde142ae31,122,CR,M,p1r3,20,32,NCM,R,-1031.0,-3977.0,180B
149,P47,86c4df39-b961-4ea3-b7a6-7dfde142ae31,122,CR,M,p1r3,21,23,NCM,R,-1031.0,-3977.0,180B
150,P47,86c4df39-b961-4ea3-b7a6-7dfde142ae31,122,CR,M,p1r3,26,35,NCM,R,-1031.0,-3977.0,180B
151,P47,86c4df39-b961-4ea3-b7a6-7dfde142ae31,122,CR,M,p1r3,32,11,NCM,R,-1031.0,-3977.0,180B
152,P47,86c4df39-b961-4ea3-b7a6-7dfde142ae31,122,CR,M,p1r3,9,54,NCM,R,-1031.0,-3977.0,180B
153,P4,663a00ef-0fb8-4c4d-b443-0f210a01e88d,NA,CR,F,p1r1,1,49,CM,R,1275.0,-1559.0,180B
154,P4,663a00ef-0fb8-4c4d-b443-0f210a01e88d,NA,CR,F,p1r1,31,11,CM,R,1275.0,-1559.0,180B
155,P4,663a00ef-0fb8-4c4d-b443-0f210a01e88d,NA,CR,F,p1r1,31,12,CM,R,1275.0,-1559.0,180B
156,P4,663a00ef-0fb8-4c4d-b443-0f210a01e88d,NA,CR,F,p1r1,8,44,CM,R,1275.0,-1559.0,180B
157,P4,663a00ef-0fb8-4c4d-b443-0f210a01e88d,NA,CR,F,p1r2,14,40,FL,R,1275.0,-2459.0,180B
158,P4,663a00ef-0fb8-4c4d-b443-0f210a01e88d,NA,CR,F,p1r2,17,2,FL,R,1275.0,-2459.0,180B
159,P4,663a00ef-0fb8-4c4d-b443-0f210a01e88d,NA,CR,F,p1r2,17,4,FL,R,1275.0,-2459.0,180B
160,P4,663a00ef-0fb8-4c4d-b443-0f210a01e88d,NA,CR,F,p1r2,1,55,FL,R,1275.0,-2459.0,180B
161,P4,663a00ef-0fb8-4c4d-b443-0f210a01e88d,NA,CR,F,p1r2,20,31,FL,R,1275.0,-2459.0,180B
162,P4,663a00ef-0fb8-4c4d-b443-0f210a01e88d,NA,CR,F,p1r2,21,20,FL,R,1275.0,-2459.0,180B
163,P4,663a00ef-0fb8-4c4d-b443-0f210a01e88d,NA,CR,F,p1r2,22,23,FL,R,1275.0,-2459.0,180B
164,P4,663a00ef-0fb8-4c4d-b443-0f210a01e88d,NA,CR,F,p1r2,24,7,FL,R,1275.0,-2459.0,180B
165,P4,663a00ef-0fb8-4c4d-b443-0f210a01e88d,NA,CR,F,p1r2,25,14,FL,R,1275.0,-2459.0,180B
166,P4,663a00ef-0fb8-4c4d-b443-0f210a01e88d,NA,CR,F,p1r2,25,16,FL,R,1275.0,-2459.0,180B
167,P4,663a00ef-0fb8-4c4d-b443-0f210a01e88d,NA,CR,F,p1r2,26,34,FL,R,1275.0,-2459.0,180B
168,P4,663a00ef-0fb8-4c4d-b443-0f210a01e88d,NA,CR,F,p1r2,26,35,FL,R,1275.0,-2459.0,180B
169,P4,663a00ef-0fb8-4c4d-b443-0f210a01e88d,NA,CR,F,p1r2,27,26,FL,R,1275.0,-2459.0,180B
170,P4,663a00ef-0fb8-4c4d-b443-0f210a01e88d,NA,CR,F,p1r3,15,59,NCM,R,1275.0,-3263.0,180B
171,P4,663a00ef-0fb8-4c4d-b443-0f210a01e88d,NA,CR,F,p1r3,19,8,NCM,R,1275.0,-3263.0,180B
172,P4,663a00ef-0fb8-4c4d-b443-0f210a01e88d,NA,CR,F,p1r3,21,19,NCM,R,1275.0,-3263.0,180B
173,P4,663a00ef-0fb8-4c4d-b443-0f210a01e88d,NA,CR,F,p1r3,24,5,NCM,R,1275.0,-3263.0,180B
174,P4,663a00ef-0fb8-4c4d-b443-0f210a01e88d,NA,CR,F,p1r3,24,6,NCM,R,1275.0,-3263.0,180B
175,P4,663a00ef-0fb8-4c4d-b443-0f210a01e88d,NA,CR,F,p1r3,28,24,NCM,R,1275.0,-3263.0,180B
176,P4,663a00ef-0fb8-4c4d-b443-0f210a01e88d,NA,CR,F,p1r3,28,25,NCM,R,1275.0,-3263.0,180B
177,P4,663a00ef-0fb8-4c4d-b443-0f210a01e88d,NA,CR,F,p1r3,29,16,NCM,R,1275.0,-3263.0,180B
178,P4,663a00ef-0fb8-4c4d-b443-0f210a01e88d,NA,CR,F,p1r3,2,49,NCM,R,1275.0,-3263.0,180B
179,P4,663a00ef-0fb8-4c4d-b443-0f210a01e88d,NA,CR,F,p1r3,31,13,NCM,R,1275.0,-3263.0,180B
180,P4,663a00ef-0fb8-4c4d-b443-0f210a01e88d,NA,CR,F,p1r3,3,42,NCM,R,1275.0,-3263.0,180B
181,P4,663a00ef-0fb8-4c4d-b443-0f210a01e88d,NA,CR,F,p1r3,6,44,NCM,R,1275.0,-3263.0,180B
182,P4,663a00ef-0fb8-4c4d-b443-0f210a01e88d,NA,CR,F,p1r3,9,53,NCM,R,1275.0,-3263.0,180B
183,P4,663a00ef-0fb8-4c4d-b443-0f210a01e88d,NA,CR,F,p1r3,9,54,NCM,R,1275.0,-3263.0,180B
184,P4,663a00ef-0fb8-4c4d-b443-0f210a01e88d,NA,CR,F,p2r1,14,34,CM,L,1167.0,-1963.0,180B
185,P4,663a00ef-0fb8-4c4d-b443-0f210a01e88d,NA,CR,F,p2r1,18,29,CM,L,1167.0,-1963.0,180B
186,P4,663a00ef-0fb8-4c4d-b443-0f210a01e88d,NA,CR,F,p2r1,23,12,CM,L,1167.0,-1963.0,180B
187,P4,663a00ef-0fb8-4c4d-b443-0f210a01e88d,NA,CR,F,p2r1,8,42,CM,L,1167.0,-1963.0,180B
188,P4,663a00ef-0fb8-4c4d-b443-0f210a01e88d,NA,CR,F,p2r2,1,43,FL,L,1167.0,-2390.0,180B
189,P4,663a00ef-0fb8-4c4d-b443-0f210a01e88d,NA,CR,F,p2r2,21,11,FL,L,1167.0,-2390.0,180B
190,P4,663a00ef-0fb8-4c4d-b443-0f210a01e88d,NA,CR,F,p2r2,21,12,FL,L,1167.0,-2390.0,180B
191,P4,663a00ef-0fb8-4c4d-b443-0f210a01e88d,NA,CR,F,p2r2,4,26,FL,L,1167.0,-2390.0,180B
192,P4,663a00ef-0fb8-4c4d-b443-0f210a01e88d,NA,CR,F,p2r2,9,40,FL,L,1167.0,-2390.0,180B
193,P4,663a00ef-0fb8-4c4d-b443-0f210a01e88d,NA,CR,F,p2r3,21,15,NCM,L,1167.0,-3687.0,180B
194,P4,663a00ef-0fb8-4c4d-b443-0f210a01e88d,NA,CR,F,p2r3,28,21,NCM,L,1167.0,-3687.0,180B
195,P51,df5ad06e-789e-4474-9a64-7ebb10e39fbc,140,CR,M,p1r1,10,43,CM,R,-1407.0,-1787.0,180B
196,P51,df5ad06e-789e-4474-9a64-7ebb10e39fbc,140,CR,M,p1r1,12,45,CM,R,-1407.0,-1787.0,180B
197,P51,df5ad06e-789e-4474-9a64-7ebb10e39fbc,140,CR,M,p1r1,18,30,CM,R,-1407.0,-1787.0,180B
198,P51,df5ad06e-789e-4474-9a64-7ebb10e39fbc,140,CR,M,p1r1,23,15,CM,R,-1407.0,-1787.0,180B
199,P51,df5ad06e-789e-4474-9a64-7ebb10e39fbc,140,CR,M,p1r1,27,19,CM,R,-1407.0,-1787.0,180B
200,P51,df5ad06e-789e-4474-9a64-7ebb10e39fbc,140,CR,M,p1r1,2,48,CM,R,-1407.0,-1787.0,180B
201,P51,df5ad06e-789e-4474-9a64-7ebb10e39fbc,140,CR,M,p1r1,2,49,CM,R,-1407.0,-1787.0,180B
202,P51,df5ad06e-789e-4474-9a64-7ebb10e39fbc,140,CR,M,p1r1,31,10,CM,R,-1407.0,-1787.0,180B
203,P51,df5ad06e-789e-4474-9a64-7ebb10e39fbc,140,CR,M,p1r1,9,52,CM,R,-1407.0,-1787.0,180B
204,P51,df5ad06e-789e-4474-9a64-7ebb10e39fbc,140,CR,M,p1r2,10,53,FL,R,-1407.0,-2587.0,180B
205,P51,df5ad06e-789e-4474-9a64-7ebb10e39fbc,140,CR,M,p1r2,11,44,FL,R,-1407.0,-2587.0,180B
206,P51,df5ad06e-789e-4474-9a64-7ebb10e39fbc,140,CR,M,p1r2,16,38,FL,R,-1407.0,-2587.0,180B
207,P51,df5ad06e-789e-4474-9a64-7ebb10e39fbc,140,CR,M,p1r2,22,19,FL,R,-1407.0,-2587.0,180B
208,P51,df5ad06e-789e-4474-9a64-7ebb10e39fbc,140,CR,M,p1r2,26,34,FL,R,-1407.0,-2587.0,180B
209,P51,df5ad06e-789e-4474-9a64-7ebb10e39fbc,140,CR,M,p1r2,4,39,FL,R,-1407.0,-2587.0,180B
210,P51,df5ad06e-789e-4474-9a64-7ebb10e39fbc,140,CR,M,p1r2,5,58,FL,R,-1407.0,-2587.0,180B
211,P51,df5ad06e-789e-4474-9a64-7ebb10e39fbc,140,CR,M,p1r3,10,52,NCM,R,-1407.0,-3687.0,180B
212,P51,df5ad06e-789e-4474-9a64-7ebb10e39fbc,140,CR,M,p1r3,10,53,NCM,R,-1407.0,-3687.0,180B
213,P51,df5ad06e-789e-4474-9a64-7ebb10e39fbc,140,CR,M,p1r3,11,44,NCM,R,-1407.0,-3687.0,180B
214,P51,df5ad06e-789e-4474-9a64-7ebb10e39fbc,140,CR,M,p1r3,18,34,NCM,R,-1407.0,-3687.0,180B
215,P51,df5ad06e-789e-4474-9a64-7ebb10e39fbc,140,CR,M,p1r3,19,5,NCM,R,-1407.0,-3687.0,180B
216,P51,df5ad06e-789e-4474-9a64-7ebb10e39fbc,140,CR,M,p1r3,22,21,NCM,R,-1407.0,-3687.0,180B
217,P51,df5ad06e-789e-4474-9a64-7ebb10e39fbc,140,CR,M,p1r3,28,25,NCM,R,-1407.0,-3687.0,180B
218,P51,df5ad06e-789e-4474-9a64-7ebb10e39fbc,140,CR,M,p1r3,29,14,NCM,R,-1407.0,-3687.0,180B
219,P51,df5ad06e-789e-4474-9a64-7ebb10e39fbc,140,CR,M,p1r3,5,62,NCM,R,-1407.0,-3687.0,180B
220,P51,df5ad06e-789e-4474-9a64-7ebb10e39fbc,140,CR,M,p2r1,13,50,CM,L,1230.0,-1949.0,180B
221,P51,df5ad06e-789e-4474-9a64-7ebb10e39fbc,140,CR,M,p2r1,22,20,CM,L,1230.0,-1949.0,180B
222,P51,df5ad06e-789e-4474-9a64-7ebb10e39fbc,140,CR,M,p2r1,23,14,CM,L,1230.0,-1949.0,180B
223,P51,df5ad06e-789e-4474-9a64-7ebb10e39fbc,140,CR,M,p2r1,5,46,CM,L,1230.0,-1949.0,180B
224,P51,df5ad06e-789e-4474-9a64-7ebb10e39fbc,140,CR,M,p2r2,12,50,FL,L,1230.0,-2749.0,180B
225,P51,df5ad06e-789e-4474-9a64-7ebb10e39fbc,140,CR,M,p2r2,13,62,FL,L,1230.0,-2749.0,180B
226,P51,df5ad06e-789e-4474-9a64-7ebb10e39fbc,140,CR,M,p2r2,22,17,FL,L,1230.0,-2749.0,180B
227,P51,df5ad06e-789e-4474-9a64-7ebb10e39fbc,140,CR,M,p2r2,25,13,FL,L,1230.0,-2749.0,180B
228,P51,df5ad06e-789e-4474-9a64-7ebb10e39fbc,140,CR,M,p2r2,2,55,FL,L,1230.0,-2749.0,180B
229,P51,df5ad06e-789e-4474-9a64-7ebb10e39fbc,140,CR,M,p2r2,32,4,FL,L,1230.0,-2749.0,180B
230,P51,df5ad06e-789e-4474-9a64-7ebb10e39fbc,140,CR,M,p2r2,8,51,FL,L,1230.0,-2749.0,180B
231,P51,df5ad06e-789e-4474-9a64-7ebb10e39fbc,140,CR,M,p2r2,8,53,FL,L,1230.0,-2749.0,180B
232,P51,df5ad06e-789e-4474-9a64-7ebb10e39fbc,140,CR,M,p2r3,18,33,NCM,L,1230.0,-3549.0,180B
233,P51,df5ad06e-789e-4474-9a64-7ebb10e39fbc,140,CR,M,p2r3,20,30,NCM,L,1230.0,-3549.0,180B
234,P51,df5ad06e-789e-4474-9a64-7ebb10e39fbc,140,CR,M,p2r3,28,22,NCM,L,1230.0,-3549.0,180B
235,P60,a8d3c37f-dc81-41fb-94a7-0882b5a718d5,186,CR,F,p1r1,8,33,CM,R,-1156.0,-2225.0,180B
236,P60,a8d3c37f-dc81-41fb-94a7-0882b5a718d5,186,CR,F,p1r2,10,39,FL,R,-1156.0,-3125.0,180B
237,P60,a8d3c37f-dc81-41fb-94a7-0882b5a718d5,186,CR,F,p1r2,12,40,FL,R,-1156.0,-3125.0,180B
238,P60,a8d3c37f-dc81-41fb-94a7-0882b5a718d5,186,CR,F,p1r2,27,18,FL,R,-1156.0,-3125.0,180B
239,P60,a8d3c37f-dc81-41fb-94a7-0882b5a718d5,186,CR,F,p1r3,12,35,NCM,R,-1156.0,-3925.0,180B
240,P60,a8d3c37f-dc81-41fb-94a7-0882b5a718d5,186,CR,F,p1r3,22,13,NCM,R,-1156.0,-3925.0,180B
241,P60,a8d3c37f-dc81-41fb-94a7-0882b5a718d5,186,CR,F,p1r3,30,17,NCM,R,-1156.0,-3925.0,180B
242,P60,a8d3c37f-dc81-41fb-94a7-0882b5a718d5,186,CR,F,p2r1,15,40,CM,L,1301.0,-2076.0,180B
243,P60,a8d3c37f-dc81-41fb-94a7-0882b5a718d5,186,CR,F,p2r1,4,20,CM,L,1301.0,-2076.0,180B
244,P60,a8d3c37f-dc81-41fb-94a7-0882b5a718d5,186,CR,F,p2r2,14,25,FL,L,1301.0,-2976.0,180B
245,P60,a8d3c37f-dc81-41fb-94a7-0882b5a718d5,186,CR,F,p2r2,15,47,FL,L,1301.0,-2976.0,180B
246,P60,a8d3c37f-dc81-41fb-94a7-0882b5a718d5,186,CR,F,p2r2,22,12,FL,L,1301.0,-2976.0,180B
247,P60,a8d3c37f-dc81-41fb-94a7-0882b5a718d5,186,CR,F,p2r2,8,37,FL,L,1301.0,-2976.0,180B
248,P60,a8d3c37f-dc81-41fb-94a7-0882b5a718d5,186,CR,F,p2r2,8,38,FL,L,1301.0,-2976.0,180B
249,P60,a8d3c37f-dc81-41fb-94a7-0882b5a718d5,186,CR,F,p2r3,11,24,NCM,L,1301.0,-3776.0,180B
250,P60,a8d3c37f-dc81-41fb-94a7-0882b5a718d5,186,CR,F,p2r3,2,39,NCM,L,1301.0,-3776.0,180B
251,P60,a8d3c37f-dc81-41fb-94a7-0882b5a718d5,186,CR,F,p2r3,9,42,NCM,L,1301.0,-3776.0,180B
252,P69,51b5e1fd-673d-40b3-9ae8-ed01b9a87f72,128,CR,M,p1r2,10,51,FL,R,-1255.0,-3219.0,178B
253,P69,51b5e1fd-673d-40b3-9ae8-ed01b9a87f72,128,CR,M,p1r2,16,40,FL,R,-1255.0,-3219.0,178B
254,P69,51b5e1fd-673d-40b3-9ae8-ed01b9a87f72,128,CR,M,p1r2,18,38,FL,R,-1255.0,-3219.0,178B
255,P69,51b5e1fd-673d-40b3-9ae8-ed01b9a87f72,128,CR,M,p1r2,1,67,FL,R,-1255.0,-3219.0,178B
256,P69,51b5e1fd-673d-40b3-9ae8-ed01b9a87f72,128,CR,M,p1r2,24,3,FL,R,-1255.0,-3219.0,178B
257,P69,51b5e1fd-673d-40b3-9ae8-ed01b9a87f72,128,CR,M,p1r2,5,62,FL,R,-1255.0,-3219.0,178B
258,P69,51b5e1fd-673d-40b3-9ae8-ed01b9a87f72,128,CR,M,p1r2,6,48,FL,R,-1255.0,-3219.0,178B
259,P69,51b5e1fd-673d-40b3-9ae8-ed01b9a87f72,128,CR,M,p1r2,7,45,FL,R,-1255.0,-3219.0,178B
260,P69,51b5e1fd-673d-40b3-9ae8-ed01b9a87f72,128,CR,M,p1r2,8,56,FL,R,-1255.0,-3219.0,178B
261,P69,51b5e1fd-673d-40b3-9ae8-ed01b9a87f72,128,CR,M,p2r1,10,61,NCM,R,-1287.0,-3945.0,178B
262,P69,51b5e1fd-673d-40b3-9ae8-ed01b9a87f72,128,CR,M,p2r1,10,62,NCM,R,-1287.0,-3945.0,178B
263,P69,51b5e1fd-673d-40b3-9ae8-ed01b9a87f72,128,CR,M,p2r1,17,2,NCM,R,-1287.0,-3945.0,178B
264,P69,51b5e1fd-673d-40b3-9ae8-ed01b9a87f72,128,CR,M,p2r1,21,23,NCM,R,-1287.0,-3945.0,178B
265,P69,51b5e1fd-673d-40b3-9ae8-ed01b9a87f72,128,CR,M,p2r1,4,47,NCM,R,-1287.0,-3945.0,178B
266,P69,51b5e1fd-673d-40b3-9ae8-ed01b9a87f72,128,CR,M,p2r1,8,66,NCM,R,-1287.0,-3945.0,178B
267,P69,51b5e1fd-673d-40b3-9ae8-ed01b9a87f72,128,CR,M,p3r1,25,11,CM,L,1466.0,-2225.0,178B
268,P69,51b5e1fd-673d-40b3-9ae8-ed01b9a87f72,128,CR,M,p3r1,25,12,CM,L,1466.0,-2225.0,178B
269,P69,51b5e1fd-673d-40b3-9ae8-ed01b9a87f72,128,CR,M,p3r1,25,9,CM,L,1466.0,-2225.0,178B
270,P69,51b5e1fd-673d-40b3-9ae8-ed01b9a87f72,128,CR,M,p3r1,31,7,CM,L,1466.0,-2225.0,178B
271,P69,51b5e1fd-673d-40b3-9ae8-ed01b9a87f72,128,CR,M,p3r1,32,5,CM,L,1466.0,-2225.0,178B
272,P69,51b5e1fd-673d-40b3-9ae8-ed01b9a87f72,128,CR,M,p3r2,9,43,FL,L,1466.0,-3225.0,178B
273,P69,51b5e1fd-673d-40b3-9ae8-ed01b9a87f72,128,CR,M,p4r1,10,43,NCM,L,1441.0,-4118.0,178B
274,P69,51b5e1fd-673d-40b3-9ae8-ed01b9a87f72,128,CR,M,p4r1,10,44,NCM,L,1441.0,-4118.0,178B
275,P69,51b5e1fd-673d-40b3-9ae8-ed01b9a87f72,128,CR,M,p4r1,11,38,NCM,L,1441.0,-4118.0,178B
276,P69,51b5e1fd-673d-40b3-9ae8-ed01b9a87f72,128,CR,M,p4r1,12,47,NCM,L,1441.0,-4118.0,178B
277,P69,51b5e1fd-673d-40b3-9ae8-ed01b9a87f72,128,CR,M,p4r1,18,31,NCM,L,1441.0,-4118.0,178B
278,P69,51b5e1fd-673d-40b3-9ae8-ed01b9a87f72,128,CR,M,p4r1,19,5,NCM,L,1441.0,-4118.0,178B
279,P69,51b5e1fd-673d-40b3-9ae8-ed01b9a87f72,128,CR,M,p4r1,19,6,NCM,L,1441.0,-4118.0,178B
280,P69,51b5e1fd-673d-40b3-9ae8-ed01b9a87f72,128,CR,M,p4r1,22,21,NCM,L,1441.0,-4118.0,178B
281,P69,51b5e1fd-673d-40b3-9ae8-ed01b9a87f72,128,CR,M,p4r1,23,17,NCM,L,1441.0,-4118.0,178B
282,P69,51b5e1fd-673d-40b3-9ae8-ed01b9a87f72,128,CR,M,p4r1,30,25,NCM,L,1441.0,-4118.0,178B
283,P69,51b5e1fd-673d-40b3-9ae8-ed01b9a87f72,128,CR,M,p4r1,31,9,NCM,L,1441.0,-4118.0,178B
284,P71,659eb786-2adc-403a-8931-dba14a1e3d70,183,CR,F,p1r1,1,42,CM,L,1185.0,-1844.0,178B
285,P71,659eb786-2adc-403a-8931-dba14a1e3d70,183,CR,F,p1r1,23,10,CM,L,1185.0,-1844.0,178B
286,P71,659eb786-2adc-403a-8931-dba14a1e3d70,183,CR,F,p1r1,24,2,CM,L,1185.0,-1844.0,178B
287,P71,659eb786-2adc-403a-8931-dba14a1e3d70,183,CR,F,p1r2,1,54,FL,L,1185.0,-2644.0,178B
288,P71,659eb786-2adc-403a-8931-dba14a1e3d70,183,CR,F,p1r2,29,10,FL,L,1185.0,-2644.0,178B
289,P71,659eb786-2adc-403a-8931-dba14a1e3d70,183,CR,F,p1r2,30,23,FL,L,1185.0,-2644.0,178B
290,P71,659eb786-2adc-403a-8931-dba14a1e3d70,183,CR,F,p1r2,4,32,FL,L,1185.0,-2644.0,178B
291,P71,659eb786-2adc-403a-8931-dba14a1e3d70,183,CR,F,p1r3,19,7,NCM,L,1185.0,-3644.0,178B
292,P71,659eb786-2adc-403a-8931-dba14a1e3d70,183,CR,F,p1r3,19,8,NCM,L,1185.0,-3644.0,178B
293,P71,659eb786-2adc-403a-8931-dba14a1e3d70,183,CR,F,p1r3,22,24,NCM,L,1185.0,-3644.0,178B
294,P71,659eb786-2adc-403a-8931-dba14a1e3d70,183,CR,F,p1r3,24,2,NCM,L,1185.0,-3644.0,178B
295,P71,659eb786-2adc-403a-8931-dba14a1e3d70,183,CR,F,p1r3,26,34,NCM,L,1185.0,-3644.0,178B
296,P71,659eb786-2adc-403a-8931-dba14a1e3d70,183,CR,F,p1r3,3,46,NCM,L,1185.0,-3644.0,178B
297,P71,659eb786-2adc-403a-8931-dba14a1e3d70,183,CR,F,p1r3,3,47,NCM,L,1185.0,-3644.0,178B
298,P71,659eb786-2adc-403a-8931-dba14a1e3d70,183,CR,F,p2r1,16,26,CM,R,-1108.0,-2196.0,178B
299,P71,659eb786-2adc-403a-8931-dba14a1e3d70,183,CR,F,p2r1,1,44,CM,R,-1108.0,-2196.0,178B
300,P71,659eb786-2adc-403a-8931-dba14a1e3d70,183,CR,F,p2r1,2,39,CM,R,-1108.0,-2196.0,178B
301,P71,659eb786-2adc-403a-8931-dba14a1e3d70,183,CR,F,p2r2,25,15,FL,R,-1108.0,-2902.0,178B
302,P71,659eb786-2adc-403a-8931-dba14a1e3d70,183,CR,F,p2r2,25,16,FL,R,-1108.0,-2902.0,178B
303,P71,659eb786-2adc-403a-8931-dba14a1e3d70,183,CR,F,p2r2,4,43,FL,R,-1108.0,-2902.0,178B
304,P71,659eb786-2adc-403a-8931-dba14a1e3d70,183,CR,F,p2r2,5,60,FL,R,-1108.0,-2902.0,178B
305,P71,659eb786-2adc-403a-8931-dba14a1e3d70,183,CR,F,p2r2,5,62,FL,R,-1108.0,-2902.0,178B
306,P71,659eb786-2adc-403a-8931-dba14a1e3d70,183,CR,F,p2r2,8,56,FL,R,-1108.0,-2902.0,178B
307,P71,659eb786-2adc-403a-8931-dba14a1e3d70,183,CR,F,p2r3,17,1,NCM,R,-1108.0,-3702.0,178B
308,P71,659eb786-2adc-403a-8931-dba14a1e3d70,183,CR,F,p2r3,21,12,NCM,R,-1108.0,-3702.0,178B
309,P71,659eb786-2adc-403a-8931-dba14a1e3d70,183,CR,F,p2r3,3,30,NCM,R,-1108.0,-3702.0,178B
310,P72,3ae84212-5d38-412f-a5a6-05b4b798ba66,135,CR,M,p1r1,10,37,CM,L,1339.0,-1633.0,178B
311,P72,3ae84212-5d38-412f-a5a6-05b4b798ba66,135,CR,M,p1r1,18,26,CM,L,1339.0,-1633.0,178B
312,P72,3ae84212-5d38-412f-a5a6-05b4b798ba66,135,CR,M,p1r1,19,5,CM,L,1339.0,-1633.0,178B
313,P72,3ae84212-5d38-412f-a5a6-05b4b798ba66,135,CR,M,p1r1,2,41,CM,L,1339.0,-1633.0,178B
314,P72,3ae84212-5d38-412f-a5a6-05b4b798ba66,135,CR,M,p1r2,11,26,FL,L,1339.0,-2733.0,178B
315,P72,3ae84212-5d38-412f-a5a6-05b4b798ba66,135,CR,M,p1r2,13,44,FL,L,1339.0,-2733.0,178B
316,P72,3ae84212-5d38-412f-a5a6-05b4b798ba66,135,CR,M,p1r2,15,50,FL,L,1339.0,-2733.0,178B
317,P72,3ae84212-5d38-412f-a5a6-05b4b798ba66,135,CR,M,p1r2,15,51,FL,L,1339.0,-2733.0,178B
318,P72,3ae84212-5d38-412f-a5a6-05b4b798ba66,135,CR,M,p1r2,19,4,FL,L,1339.0,-2733.0,178B
319,P72,3ae84212-5d38-412f-a5a6-05b4b798ba66,135,CR,M,p1r2,22,13,FL,L,1339.0,-2733.0,178B
320,P72,3ae84212-5d38-412f-a5a6-05b4b798ba66,135,CR,M,p1r2,32,6,FL,L,1339.0,-2733.0,178B
321,P72,3ae84212-5d38-412f-a5a6-05b4b798ba66,135,CR,M,p1r2,4,23,FL,L,1339.0,-2733.0,178B
322,P72,3ae84212-5d38-412f-a5a6-05b4b798ba66,135,CR,M,p1r3,11,42,NCM,L,1339.0,-3533.0,178B
323,P72,3ae84212-5d38-412f-a5a6-05b4b798ba66,135,CR,M,p1r3,11,43,NCM,L,1339.0,-3533.0,178B
324,P72,3ae84212-5d38-412f-a5a6-05b4b798ba66,135,CR,M,p1r3,13,62,NCM,L,1339.0,-3533.0,178B
325,P72,3ae84212-5d38-412f-a5a6-05b4b798ba66,135,CR,M,p1r3,15,68,NCM,L,1339.0,-3533.0,178B
326,P72,3ae84212-5d38-412f-a5a6-05b4b798ba66,135,CR,M,p1r3,16,36,NCM,L,1339.0,-3533.0,178B
327,P72,3ae84212-5d38-412f-a5a6-05b4b798ba66,135,CR,M,p1r3,18,31,NCM,L,1339.0,-3533.0,178B
328,P72,3ae84212-5d38-412f-a5a6-05b4b798ba66,135,CR,M,p1r3,27,22,NCM,L,1339.0,-3533.0,178B
329,P72,3ae84212-5d38-412f-a5a6-05b4b798ba66,135,CR,M,p1r3,31,13,NCM,L,1339.0,-3533.0,178B
330,P72,3ae84212-5d38-412f-a5a6-05b4b798ba66,135,CR,M,p1r3,6,49,NCM,L,1339.0,-3533.0,178B
331,P72,3ae84212-5d38-412f-a5a6-05b4b798ba66,135,CR,M,p2r1,22,19,CM,R,-1527.0,-2049.0,178B
332,P72,3ae84212-5d38-412f-a5a6-05b4b798ba66,135,CR,M,p2r2,10,39,FL,R,-1527.0,-3149.0,178B
333,P72,3ae84212-5d38-412f-a5a6-05b4b798ba66,135,CR,M,p2r2,15,55,FL,R,-1527.0,-3149.0,178B
334,P72,3ae84212-5d38-412f-a5a6-05b4b798ba66,135,CR,M,p2r2,18,26,FL,R,-1527.0,-3149.0,178B
335,P72,3ae84212-5d38-412f-a5a6-05b4b798ba66,135,CR,M,p2r2,19,5,FL,R,-1527.0,-3149.0,178B
336,P72,3ae84212-5d38-412f-a5a6-05b4b798ba66,135,CR,M,p2r2,24,2,FL,R,-1527.0,-3149.0,178B
337,P72,3ae84212-5d38-412f-a5a6-05b4b798ba66,135,CR,M,p2r2,4,31,FL,R,-1527.0,-3149.0,178B
338,P72,3ae84212-5d38-412f-a5a6-05b4b798ba66,135,CR,M,p2r2,5,47,FL,R,-1527.0,-3149.0,178B
339,P72,3ae84212-5d38-412f-a5a6-05b4b798ba66,135,CR,M,p2r2,8,43,FL,R,-1527.0,-3149.0,178B
340,P72,3ae84212-5d38-412f-a5a6-05b4b798ba66,135,CR,M,p2r2,9,50,FL,R,-1527.0,-3149.0,178B
341,P72,3ae84212-5d38-412f-a5a6-05b4b798ba66,135,CR,M,p2r3,15,74,NCM,R,-1527.0,-3949.0,178B
342,P72,3ae84212-5d38-412f-a5a6-05b4b798ba66,135,CR,M,p2r3,18,29,NCM,R,-1527.0,-3949.0,178B
343,P72,3ae84212-5d38-412f-a5a6-05b4b798ba66,135,CR,M,p2r3,21,15,NCM,R,-1527.0,-3949.0,178B
344,P72,3ae84212-5d38-412f-a5a6-05b4b798ba66,135,CR,M,p2r3,4,38,NCM,R,-1527.0,-3949.0,178B
345,P72,3ae84212-5d38-412f-a5a6-05b4b798ba66,135,CR,M,p2r3,7,46,NCM,R,-1527.0,-3949.0,178B
346,P74,910afdc3-d217-4d73-a82c-be66d1609176,192,CR,M,p1r1,4,21,CM,R,-1091.0,-2184.0,180B
347,P74,910afdc3-d217-4d73-a82c-be66d1609176,192,CR,M,p1r2,11,32,FL,R,-1091.0,-3084.0,180B
348,P74,910afdc3-d217-4d73-a82c-be66d1609176,192,CR,M,p1r2,15,55,FL,R,-1091.0,-3084.0,180B
349,P74,910afdc3-d217-4d73-a82c-be66d1609176,192,CR,M,p1r2,5,49,FL,R,-1091.0,-3084.0,180B
350,P74,910afdc3-d217-4d73-a82c-be66d1609176,192,CR,M,p1r2,8,44,FL,R,-1091.0,-3084.0,180B
351,P74,910afdc3-d217-4d73-a82c-be66d1609176,192,CR,M,p1r3,4,28,NCM,R,-1091.0,-3884.0,180B
352,P74,910afdc3-d217-4d73-a82c-be66d1609176,192,CR,M,p1r3,8,44,NCM,R,-1091.0,-3884.0,180B
353,P74,910afdc3-d217-4d73-a82c-be66d1609176,192,CR,M,p2r1,17,1,CM,L,2156.0,-2127.0,180B
354,P74,910afdc3-d217-4d73-a82c-be66d1609176,192,CR,M,p2r1,22,17,CM,L,2156.0,-2127.0,180B
355,P74,910afdc3-d217-4d73-a82c-be66d1609176,192,CR,M,p2r1,32,8,CM,L,2156.0,-2127.0,180B
356,P74,910afdc3-d217-4d73-a82c-be66d1609176,192,CR,M,p2r2,20,18,FL,L,2156.0,-3027.0,180B
357,P74,910afdc3-d217-4d73-a82c-be66d1609176,192,CR,M,p2r2,28,14,FL,L,2156.0,-3027.0,180B
358,P74,910afdc3-d217-4d73-a82c-be66d1609176,192,CR,M,p2r2,30,16,FL,L,2156.0,-3027.0,180B
359,P74,910afdc3-d217-4d73-a82c-be66d1609176,192,CR,M,p2r2,30,17,FL,L,2156.0,-3027.0,180B
360,P74,910afdc3-d217-4d73-a82c-be66d1609176,192,CR,M,p2r2,9,42,FL,L,2156.0,-3027.0,180B
361,P74,910afdc3-d217-4d73-a82c-be66d1609176,192,CR,M,p2r3,11,40,NCM,L,2156.0,-3827.0,180B
362,P74,910afdc3-d217-4d73-a82c-be66d1609176,192,CR,M,p2r3,13,67,NCM,L,2156.0,-3827.0,180B
363,P74,910afdc3-d217-4d73-a82c-be66d1609176,192,CR,M,p2r3,19,5,NCM,L,2156.0,-3827.0,180B
364,P74,910afdc3-d217-4d73-a82c-be66d1609176,192,CR,M,p2r3,23,17,NCM,L,2156.0,-3827.0,180B
365,P74,910afdc3-d217-4d73-a82c-be66d1609176,192,CR,M,p2r3,27,21,NCM,L,2156.0,-3827.0,180B
366,P74,910afdc3-d217-4d73-a82c-be66d1609176,192,CR,M,p2r3,27,22,NCM,L,2156.0,-3827.0,180B
367,P74,910afdc3-d217-4d73-a82c-be66d1609176,192,CR,M,p2r3,28,24,NCM,L,2156.0,-3827.0,180B
368,P74,910afdc3-d217-4d73-a82c-be66d1609176,192,CR,M,p2r3,32,8,NCM,L,2156.0,-3827.0,180B
369,P75,3ae84212-5d38-412f-a5a6-05b4b798ba66,135,CR,M,p1r1,14,30,CM,L,1512.0,-2190.0,180B
370,P75,3ae84212-5d38-412f-a5a6-05b4b798ba66,135,CR,M,p1r1,17,2,CM,L,1512.0,-2190.0,180B
371,P75,3ae84212-5d38-412f-a5a6-05b4b798ba66,135,CR,M,p1r1,19,7,CM,L,1512.0,-2190.0,180B
372,P75,3ae84212-5d38-412f-a5a6-05b4b798ba66,135,CR,M,p1r1,19,8,CM,L,1512.0,-2190.0,180B
373,P75,3ae84212-5d38-412f-a5a6-05b4b798ba66,135,CR,M,p1r1,23,15,CM,L,1512.0,-2190.0,180B
374,P75,3ae84212-5d38-412f-a5a6-05b4b798ba66,135,CR,M,p1r1,23,17,CM,L,1512.0,-2190.0,180B
375,P75,3ae84212-5d38-412f-a5a6-05b4b798ba66,135,CR,M,p1r1,24,5,CM,L,1512.0,-2190.0,180B
376,P75,3ae84212-5d38-412f-a5a6-05b4b798ba66,135,CR,M,p1r1,26,25,CM,L,1512.0,-2190.0,180B
377,P75,3ae84212-5d38-412f-a5a6-05b4b798ba66,135,CR,M,p1r1,32,10,CM,L,1512.0,-2190.0,180B
378,P75,3ae84212-5d38-412f-a5a6-05b4b798ba66,135,CR,M,p1r2,10,39,FL,L,1512.0,-2990.0,180B
379,P75,3ae84212-5d38-412f-a5a6-05b4b798ba66,135,CR,M,p1r2,11,30,FL,L,1512.0,-2990.0,180B
380,P75,3ae84212-5d38-412f-a5a6-05b4b798ba66,135,CR,M,p1r2,11,32,FL,L,1512.0,-2990.0,180B
381,P75,3ae84212-5d38-412f-a5a6-05b4b798ba66,135,CR,M,p1r2,18,24,FL,L,1512.0,-2990.0,180B
382,P75,3ae84212-5d38-412f-a5a6-05b4b798ba66,135,CR,M,p1r2,5,44,FL,L,1512.0,-2990.0,180B
383,P75,3ae84212-5d38-412f-a5a6-05b4b798ba66,135,CR,M,p1r2,9,48,FL,L,1512.0,-2990.0,180B
384,P75,3ae84212-5d38-412f-a5a6-05b4b798ba66,135,CR,M,p1r3,10,59,FL,L,1512.0,-3790.0,180B
385,P75,3ae84212-5d38-412f-a5a6-05b4b798ba66,135,CR,M,p1r3,20,31,FL,L,1512.0,-3790.0,180B
386,P75,3ae84212-5d38-412f-a5a6-05b4b798ba66,135,CR,M,p1r3,25,18,FL,L,1512.0,-3790.0,180B
387,P75,3ae84212-5d38-412f-a5a6-05b4b798ba66,135,CR,M,p1r3,27,26,FL,L,1512.0,-3790.0,180B
388,P75,3ae84212-5d38-412f-a5a6-05b4b798ba66,135,CR,M,p1r3,2,65,FL,L,1512.0,-3790.0,180B
389,P75,3ae84212-5d38-412f-a5a6-05b4b798ba66,135,CR,M,p1r3,3,52,FL,L,1512.0,-3790.0,180B
390,P75,3ae84212-5d38-412f-a5a6-05b4b798ba66,135,CR,M,p1r3,4,38,FL,L,1512.0,-3790.0,180B
391,P75,3ae84212-5d38-412f-a5a6-05b4b798ba66,135,CR,M,p1r3,4,39,FL,L,1512.0,-3790.0,180B
392,P75,3ae84212-5d38-412f-a5a6-05b4b798ba66,135,CR,M,p1r3,5,68,FL,L,1512.0,-3790.0,180B
393,P75,3ae84212-5d38-412f-a5a6-05b4b798ba66,135,CR,M,p2r1,12,59,NCM,L,1512.0,-3927.0,180B
394,P75,3ae84212-5d38-412f-a5a6-05b4b798ba66,135,CR,M,p2r1,14,42,NCM,L,1512.0,-3927.0,180B
395,P75,3ae84212-5d38-412f-a5a6-05b4b798ba66,135,CR,M,p2r1,14,44,NCM,L,1512.0,-3927.0,180B
396,P75,3ae84212-5d38-412f-a5a6-05b4b798ba66,135,CR,M,p2r1,15,78,NCM,L,1512.0,-3927.0,180B
397,P75,3ae84212-5d38-412f-a5a6-05b4b798ba66,135,CR,M,p2r1,20,26,NCM,L,1512.0,-3927.0,180B
398,P75,3ae84212-5d38-412f-a5a6-05b4b798ba66,135,CR,M,p2r1,3,48,NCM,L,1512.0,-3927.0,180B
399,P75,3ae84212-5d38-412f-a5a6-05b4b798ba66,135,CR,M,p2r1,3,50,NCM,L,1512.0,-3927.0,180B
400,P75,3ae84212-5d38-412f-a5a6-05b4b798ba66,135,CR,M,p2r1,5,71,NCM,L,1512.0,-3927.0,180B
401,P75,3ae84212-5d38-412f-a5a6-05b4b798ba66,135,CR,M,p2r1,6,55,NCM,L,1512.0,-3927.0,180B
402,P75,3ae84212-5d38-412f-a5a6-05b4b798ba66,135,CR,M,p3r1,10,47,CM,R,1609.0,-2105.0,180B
403,P75,3ae84212-5d38-412f-a5a6-05b4b798ba66,135,CR,M,p3r1,12,50,CM,R,1609.0,-2105.0,180B
404,P75,3ae84212-5d38-412f-a5a6-05b4b798ba66,135,CR,M,p3r1,15,62,CM,R,1609.0,-2105.0,180B
405,P75,3ae84212-5d38-412f-a5a6-05b4b798ba66,135,CR,M,p3r1,16,33,CM,R,1609.0,-2105.0,180B
406,P75,3ae84212-5d38-412f-a5a6-05b4b798ba66,135,CR,M,p3r1,1,59,CM,R,1609.0,-2105.0,180B
407,P75,3ae84212-5d38-412f-a5a6-05b4b798ba66,135,CR,M,p3r1,24,4,CM,R,1609.0,-2105.0,180B
408,P75,3ae84212-5d38-412f-a5a6-05b4b798ba66,135,CR,M,p3r1,25,13,CM,R,1609.0,-2105.0,180B
409,P75,3ae84212-5d38-412f-a5a6-05b4b798ba66,135,CR,M,p3r1,3,40,CM,R,1609.0,-2105.0,180B
410,P75,3ae84212-5d38-412f-a5a6-05b4b798ba66,135,CR,M,p3r1,8,52,CM,R,1609.0,-2105.0,180B
411,P75,3ae84212-5d38-412f-a5a6-05b4b798ba66,135,CR,M,p3r2,10,47,NCM,R,1609.0,-3954.0,180B
412,P75,3ae84212-5d38-412f-a5a6-05b4b798ba66,135,CR,M,p3r2,11,34,NCM,R,1609.0,-3954.0,180B
413,P75,3ae84212-5d38-412f-a5a6-05b4b798ba66,135,CR,M,p3r2,11,35,NCM,R,1609.0,-3954.0,180B
414,P75,3ae84212-5d38-412f-a5a6-05b4b798ba66,135,CR,M,p3r2,13,59,NCM,R,1609.0,-3954.0,180B
415,P75,3ae84212-5d38-412f-a5a6-05b4b798ba66,135,CR,M,p3r2,13,60,NCM,R,1609.0,-3954.0,180B
416,P75,3ae84212-5d38-412f-a5a6-05b4b798ba66,135,CR,M,p3r2,14,31,NCM,R,1609.0,-3954.0,180B
417,P75,3ae84212-5d38-412f-a5a6-05b4b798ba66,135,CR,M,p3r2,16,27,NCM,R,1609.0,-3954.0,180B
418,P75,3ae84212-5d38-412f-a5a6-05b4b798ba66,135,CR,M,p3r2,19,4,NCM,R,1609.0,-3954.0,180B
419,P75,3ae84212-5d38-412f-a5a6-05b4b798ba66,135,CR,M,p3r2,22,15,NCM,R,1609.0,-3954.0,180B
420,P75,3ae84212-5d38-412f-a5a6-05b4b798ba66,135,CR,M,p3r2,2,53,NCM,R,1609.0,-3954.0,180B
421,P75,3ae84212-5d38-412f-a5a6-05b4b798ba66,135,CR,M,p3r2,4,30,NCM,R,1609.0,-3954.0,180B
422,P75,3ae84212-5d38-412f-a5a6-05b4b798ba66,135,CR,M,p3r2,6,42,NCM,R,1609.0,-3954.0,180B
423,P75,3ae84212-5d38-412f-a5a6-05b4b798ba66,135,CR,M,p3r2,6,43,NCM,R,1609.0,-3954.0,180B
424,P75,3ae84212-5d38-412f-a5a6-05b4b798ba66,135,CR,M,p3r2,6,44,NCM,R,1609.0,-3954.0,180B
